timestamp,actual_value,reconstructed_value,reconstruction_error,anomaly_score,prediction,prediction_label,ground_truth,ground_truth_label,status
2014-12-20 11:30:00,21529.0,19546.945,0.000739,0.137877,0,Normal,0,Normal,True Negative (TN)
2014-12-20 12:00:00,22544.0,18918.629,0.001263,0.235445,0,Normal,0,Normal,True Negative (TN)
2014-12-20 12:30:00,22751.0,19248.633,0.002028,0.378234,0,Normal,0,Normal,True Negative (TN)
2014-12-20 13:00:00,22743.998,20110.781,0.001746,0.32564,0,Normal,0,Normal,True Negative (TN)
2014-12-20 13:30:00,22262.998,19700.713,0.001609,0.300081,0,Normal,0,Normal,True Negative (TN)
2014-12-20 14:00:00,22212.0,19501.527,0.002134,0.397895,0,Normal,0,Normal,True Negative (TN)
2014-12-20 14:30:00,21906.0,20027.3,0.002246,0.418785,0,Normal,0,Normal,True Negative (TN)
2014-12-20 15:00:00,21744.0,20602.129,0.002094,0.390522,0,Normal,0,Normal,True Negative (TN)
2014-12-20 15:30:00,21172.998,20940.924,0.002055,0.383149,0,Normal,0,Normal,True Negative (TN)
2014-12-20 16:00:00,18061.0,21030.479,0.002494,0.464988,0,Normal,0,Normal,True Negative (TN)
2014-12-20 16:30:00,15360.0,21086.408,0.003704,0.690599,0,Normal,0,Normal,True Negative (TN)
2014-12-20 17:00:00,17470.0,21090.172,0.004183,0.780057,0,Normal,0,Normal,True Negative (TN)
2014-12-20 17:30:00,20909.0,20941.406,0.004237,0.790134,0,Normal,0,Normal,True Negative (TN)
2014-12-20 18:00:00,22561.998,20547.004,0.004334,0.808074,0,Normal,0,Normal,True Negative (TN)
2014-12-20 18:30:00,24471.0,20130.812,0.004584,0.854769,0,Normal,0,Normal,True Negative (TN)
2014-12-20 19:00:00,25685.0,19841.887,0.00554,1.033001,1,Anomaly,0,Normal,False Positive (FP)
2014-12-20 19:30:00,25251.998,19701.744,0.01152,2.148105,1,Anomaly,0,Normal,False Positive (FP)
2014-12-20 20:00:00,23237.998,21013.078,0.009119,1.700304,1,Anomaly,0,Normal,False Positive (FP)
2014-12-20 20:30:00,22683.0,22684.463,0.006372,1.188188,1,Anomaly,0,Normal,False Positive (FP)
2014-12-20 21:00:00,22523.0,24977.385,0.004999,0.932185,0,Normal,0,Normal,True Negative (TN)
2014-12-20 21:30:00,23214.0,25701.979,0.005739,1.070118,1,Anomaly,0,Normal,False Positive (FP)
2014-12-20 22:00:00,23741.0,25995.467,0.006293,1.173469,1,Anomaly,0,Normal,False Positive (FP)
2014-12-20 22:30:00,24613.998,25834.787,0.006484,1.208986,1,Anomaly,0,Normal,False Positive (FP)
2014-12-20 23:00:00,25195.0,25564.605,0.006283,1.171549,1,Anomaly,0,Normal,False Positive (FP)
2014-12-20 23:30:00,25864.0,25455.393,0.005714,1.065478,1,Anomaly,0,Normal,False Positive (FP)
2014-12-21 00:00:00,25529.998,25602.814,0.004869,0.907854,0,Normal,0,Normal,True Negative (TN)
2014-12-21 00:30:00,24429.0,24449.451,0.004231,0.788905,0,Normal,0,Normal,True Negative (TN)
2014-12-21 01:00:00,22975.998,22977.865,0.003725,0.694532,0,Normal,0,Normal,True Negative (TN)
2014-12-21 01:30:00,21027.0,21741.047,0.003221,0.60065,0,Normal,0,Normal,True Negative (TN)
2014-12-21 02:00:00,19741.0,20146.105,0.002651,0.494234,0,Normal,0,Normal,True Negative (TN)
2014-12-21 02:30:00,17359.0,17803.594,0.002253,0.420013,0,Normal,0,Normal,True Negative (TN)
2014-12-21 03:00:00,15156.001,14866.957,0.002113,0.393962,0,Normal,0,Normal,True Negative (TN)
2014-12-21 03:30:00,12970.0,11909.041,0.002366,0.441149,0,Normal,0,Normal,True Negative (TN)
2014-12-21 04:00:00,11246.0,9667.314,0.002631,0.490548,0,Normal,0,Normal,True Negative (TN)
2014-12-21 04:30:00,6712.0,7742.8896,0.00177,0.330064,0,Normal,0,Normal,True Negative (TN)
2014-12-21 05:00:00,4593.0,5918.344,0.001536,0.286318,0,Normal,0,Normal,True Negative (TN)
2014-12-21 05:30:00,3675.0002,4562.0303,0.001899,0.354149,0,Normal,0,Normal,True Negative (TN)
2014-12-21 06:00:00,3974.0,3791.91,0.002101,0.391751,0,Normal,0,Normal,True Negative (TN)
2014-12-21 06:30:00,3929.0,3336.805,0.001836,0.342352,0,Normal,0,Normal,True Negative (TN)
2014-12-21 07:00:00,3922.0,3099.6562,0.001119,0.208657,0,Normal,0,Normal,True Negative (TN)
2014-12-21 07:30:00,5061.0005,3275.2764,0.000623,0.116249,0,Normal,0,Normal,True Negative (TN)
2014-12-21 08:00:00,5995.0,4413.206,0.000563,0.104944,0,Normal,0,Normal,True Negative (TN)
2014-12-21 08:30:00,7813.0,6841.6973,0.000477,0.08897,0,Normal,0,Normal,True Negative (TN)
2014-12-21 09:00:00,9237.0,9971.359,0.00042,0.078402,0,Normal,0,Normal,True Negative (TN)
2014-12-21 09:30:00,12647.0,13181.577,0.000403,0.075207,0,Normal,0,Normal,True Negative (TN)
2014-12-21 10:00:00,13946.0,15910.9,0.000583,0.108631,0,Normal,0,Normal,True Negative (TN)
2014-12-21 10:30:00,18143.0,17952.238,0.000637,0.118707,0,Normal,0,Normal,True Negative (TN)
2014-12-21 11:00:00,18415.0,19101.566,0.000733,0.136648,0,Normal,0,Normal,True Negative (TN)
2014-12-21 11:30:00,19646.0,19527.557,0.000685,0.1278,0,Normal,0,Normal,True Negative (TN)
2014-12-21 12:00:00,20124.0,19341.834,0.000618,0.115266,0,Normal,0,Normal,True Negative (TN)
2014-12-21 12:30:00,21234.998,18796.756,0.00088,0.164173,0,Normal,0,Normal,True Negative (TN)
2014-12-21 13:00:00,20708.998,19086.014,0.000944,0.17597,0,Normal,0,Normal,True Negative (TN)
2014-12-21 13:30:00,20381.998,18680.254,0.000878,0.163682,0,Normal,0,Normal,True Negative (TN)
2014-12-21 14:00:00,20570.0,18015.521,0.001331,0.248225,0,Normal,0,Normal,True Negative (TN)
2014-12-21 14:30:00,20093.0,18311.383,0.001563,0.291479,0,Normal,0,Normal,True Negative (TN)
2014-12-21 15:00:00,19670.0,18946.814,0.001452,0.270835,0,Normal,0,Normal,True Negative (TN)
2014-12-21 15:30:00,19194.0,19395.586,0.001434,0.267394,0,Normal,0,Normal,True Negative (TN)
2014-12-21 16:00:00,17506.0,19617.547,0.001629,0.303767,0,Normal,0,Normal,True Negative (TN)
2014-12-21 16:30:00,15650.0,19782.863,0.002328,0.434022,0,Normal,0,Normal,True Negative (TN)
2014-12-21 17:00:00,17057.0,19856.154,0.002589,0.482683,0,Normal,0,Normal,True Negative (TN)
2014-12-21 17:30:00,19010.0,19786.53,0.002442,0.455403,0,Normal,0,Normal,True Negative (TN)
2014-12-21 18:00:00,19688.0,19486.49,0.00226,0.421488,0,Normal,0,Normal,True Negative (TN)
2014-12-21 18:30:00,19460.998,19023.852,0.002018,0.376267,0,Normal,0,Normal,True Negative (TN)
2014-12-21 19:00:00,19098.0,18619.965,0.001562,0.291233,0,Normal,0,Normal,True Negative (TN)
2014-12-21 19:30:00,17989.0,18034.059,0.001314,0.24503,0,Normal,0,Normal,True Negative (TN)
2014-12-21 20:00:00,16406.0,16403.678,0.004817,0.89827,0,Normal,0,Normal,True Negative (TN)
2014-12-21 20:30:00,16716.0,16218.484,0.004898,0.913261,0,Normal,0,Normal,True Negative (TN)
2014-12-21 21:00:00,15983.0,16800.387,0.00283,0.527658,0,Normal,0,Normal,True Negative (TN)
2014-12-21 21:30:00,16304.001,16215.081,0.001907,0.355623,0,Normal,0,Normal,True Negative (TN)
2014-12-21 22:00:00,15546.0,16805.316,0.001148,0.214063,0,Normal,0,Normal,True Negative (TN)
2014-12-21 22:30:00,13653.001,15978.022,0.001391,0.259284,0,Normal,0,Normal,True Negative (TN)
2014-12-21 23:00:00,12018.001,15383.802,0.002129,0.396912,0,Normal,0,Normal,True Negative (TN)
2014-12-21 23:30:00,10392.0,15977.466,0.003969,0.739998,0,Normal,0,Normal,True Negative (TN)
2014-12-22 00:00:00,8488.0,14550.377,0.004738,0.883524,0,Normal,0,Normal,True Negative (TN)
2014-12-22 00:30:00,6812.0,10021.309,0.003524,0.657175,0,Normal,0,Normal,True Negative (TN)
2014-12-22 01:00:00,5155.0,7010.481,0.002802,0.522497,0,Normal,0,Normal,True Negative (TN)
2014-12-22 01:30:00,4081.0,5415.3076,0.00247,0.460564,0,Normal,0,Normal,True Negative (TN)
2014-12-22 02:00:00,3429.0,4042.1028,0.002022,0.377005,0,Normal,0,Normal,True Negative (TN)
2014-12-22 02:30:00,2686.0002,3055.9114,0.001561,0.290987,0,Normal,0,Normal,True Negative (TN)
2014-12-22 03:00:00,2341.0,2439.2253,0.001128,0.210377,0,Normal,0,Normal,True Negative (TN)
2014-12-22 03:30:00,2080.0,2152.437,0.000766,0.142792,0,Normal,0,Normal,True Negative (TN)
2014-12-22 04:00:00,2561.0,2213.3572,0.000712,0.132716,0,Normal,0,Normal,True Negative (TN)
2014-12-22 04:30:00,2438.0,2714.6562,0.000807,0.150411,0,Normal,0,Normal,True Negative (TN)
2014-12-22 05:00:00,2549.0,3601.2173,0.000954,0.177936,0,Normal,0,Normal,True Negative (TN)
2014-12-22 05:30:00,4002.9998,4740.3643,0.00085,0.158521,0,Normal,0,Normal,True Negative (TN)
2014-12-22 06:00:00,5410.0,6124.3726,0.000589,0.109859,0,Normal,0,Normal,True Negative (TN)
2014-12-22 06:30:00,9139.0,8066.5347,0.00042,0.078402,0,Normal,0,Normal,True Negative (TN)
2014-12-22 07:00:00,10980.001,10307.581,0.000323,0.060215,0,Normal,0,Normal,True Negative (TN)
2014-12-22 07:30:00,13351.001,12639.2705,0.000295,0.055054,0,Normal,0,Normal,True Negative (TN)
2014-12-22 08:00:00,14666.001,14647.104,0.000245,0.045715,0,Normal,0,Normal,True Negative (TN)
2014-12-22 08:30:00,16540.0,15750.981,0.00022,0.041046,0,Normal,0,Normal,True Negative (TN)
2014-12-22 09:00:00,16439.0,15924.519,0.000145,0.027037,0,Normal,0,Normal,True Negative (TN)
2014-12-22 09:30:00,16681.0,15144.554,0.000221,0.041291,0,Normal,0,Normal,True Negative (TN)
2014-12-22 10:00:00,15663.001,14352.252,0.000252,0.046944,0,Normal,0,Normal,True Negative (TN)
2014-12-22 10:30:00,16128.0,14020.551,0.000381,0.071029,0,Normal,0,Normal,True Negative (TN)
2014-12-22 11:00:00,16377.0,14151.617,0.000529,0.098554,0,Normal,0,Normal,True Negative (TN)
2014-12-22 11:30:00,17607.0,14592.853,0.000833,0.155326,0,Normal,0,Normal,True Negative (TN)
2014-12-22 12:00:00,17770.0,15150.345,0.001037,0.193419,0,Normal,0,Normal,True Negative (TN)
2014-12-22 12:30:00,17843.0,15716.441,0.00116,0.216275,0,Normal,0,Normal,True Negative (TN)
2014-12-22 13:00:00,17279.0,16242.609,0.001114,0.207673,0,Normal,0,Normal,True Negative (TN)
2014-12-22 13:30:00,18264.0,16727.545,0.00114,0.212589,0,Normal,0,Normal,True Negative (TN)
2014-12-22 14:00:00,18359.0,17153.33,0.001168,0.21775,0,Normal,0,Normal,True Negative (TN)
2014-12-22 14:30:00,18664.0,17509.318,0.001173,0.218733,0,Normal,0,Normal,True Negative (TN)
2014-12-22 15:00:00,18428.0,17753.705,0.001151,0.214555,0,Normal,0,Normal,True Negative (TN)
2014-12-22 15:30:00,15976.001,17810.346,0.001192,0.222174,0,Normal,0,Normal,True Negative (TN)
2014-12-22 16:00:00,13994.0,17625.197,0.001698,0.316547,0,Normal,0,Normal,True Negative (TN)
2014-12-22 16:30:00,12958.0,17273.266,0.002357,0.439429,0,Normal,0,Normal,True Negative (TN)
2014-12-22 17:00:00,15433.001,16884.148,0.002105,0.392488,0,Normal,0,Normal,True Negative (TN)
2014-12-22 17:30:00,17793.0,16045.291,0.00175,0.326377,0,Normal,0,Normal,True Negative (TN)
2014-12-22 18:00:00,19903.0,15347.651,0.002421,0.451471,0,Normal,0,Normal,True Negative (TN)
2014-12-22 18:30:00,20358.0,16235.644,0.002599,0.484649,0,Normal,0,Normal,True Negative (TN)
2014-12-22 19:00:00,20799.998,18081.63,0.002047,0.381674,0,Normal,0,Normal,True Negative (TN)
2014-12-22 19:30:00,19898.0,20434.24,0.001259,0.234707,0,Normal,0,Normal,True Negative (TN)
2014-12-22 20:00:00,18981.0,21672.123,0.001791,0.333996,0,Normal,0,Normal,True Negative (TN)
2014-12-22 20:30:00,19600.0,22129.018,0.002594,0.483666,0,Normal,0,Normal,True Negative (TN)
2014-12-22 21:00:00,19672.0,22336.3,0.00353,0.658158,0,Normal,0,Normal,True Negative (TN)
2014-12-22 21:30:00,20359.0,22351.531,0.004085,0.761625,0,Normal,0,Normal,True Negative (TN)
2014-12-22 22:00:00,19147.0,22370.682,0.004842,0.902939,0,Normal,0,Normal,True Negative (TN)
2014-12-22 22:30:00,17490.0,21915.986,0.00521,0.971507,0,Normal,0,Normal,True Negative (TN)
2014-12-22 23:00:00,14392.0,20433.0,0.005413,1.009323,1,Anomaly,0,Normal,False Positive (FP)
2014-12-22 23:30:00,12366.001,18049.865,0.004972,0.927024,0,Normal,0,Normal,True Negative (TN)
2014-12-23 00:00:00,10077.0,13658.568,0.00398,0.74221,0,Normal,0,Normal,True Negative (TN)
2014-12-23 00:30:00,8426.0,10919.13,0.003743,0.697972,0,Normal,0,Normal,True Negative (TN)
2014-12-23 01:00:00,7343.0,7893.1055,0.003254,0.606794,0,Normal,0,Normal,True Negative (TN)
2014-12-23 01:30:00,5818.0,5709.5166,0.002742,0.511192,0,Normal,0,Normal,True Negative (TN)
2014-12-23 02:00:00,4395.0,4317.2017,0.002308,0.430335,0,Normal,0,Normal,True Negative (TN)
2014-12-23 02:30:00,3238.0,3309.43,0.001717,0.320233,0,Normal,0,Normal,True Negative (TN)
2014-12-23 03:00:00,2837.0,2593.0923,0.001137,0.212097,0,Normal,0,Normal,True Negative (TN)
2014-12-23 03:30:00,2628.0,2121.1235,0.001127,0.210131,0,Normal,0,Normal,True Negative (TN)
2014-12-23 04:00:00,2815.0002,1883.0536,0.00107,0.199563,0,Normal,0,Normal,True Negative (TN)
2014-12-23 04:30:00,2524.0,2071.6008,0.000604,0.112563,0,Normal,0,Normal,True Negative (TN)
2014-12-23 05:00:00,2749.0,2865.9502,0.000457,0.085283,0,Normal,0,Normal,True Negative (TN)
2014-12-23 05:30:00,4221.0,4309.9385,0.000471,0.087741,0,Normal,0,Normal,True Negative (TN)
2014-12-23 06:00:00,5790.0,6196.6235,0.000419,0.078156,0,Normal,0,Normal,True Negative (TN)
2014-12-23 06:30:00,9106.0,8725.667,0.000361,0.067342,0,Normal,0,Normal,True Negative (TN)
2014-12-23 07:00:00,10805.0,11381.331,0.000299,0.055791,0,Normal,0,Normal,True Negative (TN)
2014-12-23 07:30:00,13627.0,14039.553,0.000285,0.053088,0,Normal,0,Normal,True Negative (TN)
2014-12-23 08:00:00,14896.001,16255.983,0.000369,0.068817,0,Normal,0,Normal,True Negative (TN)
2014-12-23 08:30:00,16914.0,17580.379,0.000468,0.087249,0,Normal,0,Normal,True Negative (TN)
2014-12-23 09:00:00,16813.002,17929.19,0.000602,0.112317,0,Normal,0,Normal,True Negative (TN)
2014-12-23 09:30:00,17257.0,17100.592,0.000443,0.08258,0,Normal,0,Normal,True Negative (TN)
2014-12-23 10:00:00,16746.0,15751.716,0.000373,0.069554,0,Normal,0,Normal,True Negative (TN)
2014-12-23 10:30:00,16668.0,14676.882,0.00054,0.100766,0,Normal,0,Normal,True Negative (TN)
2014-12-23 11:00:00,16334.0,14538.568,0.00068,0.126817,0,Normal,0,Normal,True Negative (TN)
2014-12-23 11:30:00,17869.0,14980.476,0.001318,0.2458,0,Normal,1,Anomaly,False Negative (FN)
2014-12-23 12:00:00,18559.0,15604.727,0.001503,0.280203,0,Normal,1,Anomaly,False Negative (FN)
2014-12-23 12:30:00,18627.0,16220.872,0.001577,0.294118,0,Normal,1,Anomaly,False Negative (FN)
2014-12-23 13:00:00,18394.002,16763.158,0.001635,0.304942,0,Normal,1,Anomaly,False Negative (FN)
2014-12-23 13:30:00,19529.0,17265.787,0.001936,0.360991,0,Normal,1,Anomaly,False Negative (FN)
2014-12-23 14:00:00,18765.002,17711.857,0.001953,0.364083,0,Normal,1,Anomaly,False Negative (FN)
2014-12-23 14:30:00,19273.0,18095.133,0.001913,0.356739,0,Normal,1,Anomaly,False Negative (FN)
2014-12-23 15:00:00,18364.0,18352.312,0.001807,0.337025,0,Normal,1,Anomaly,False Negative (FN)
2014-12-23 15:30:00,16426.0,18414.432,0.001953,0.364083,0,Normal,1,Anomaly,False Negative (FN)
2014-12-23 16:00:00,13940.0,18213.01,0.003064,0.571273,0,Normal,1,Anomaly,False Negative (FN)
2014-12-23 16:30:00,12171.001,17793.117,0.004815,0.897905,0,Normal,1,Anomaly,False Negative (FN)
2014-12-23 17:00:00,14585.0,17257.625,0.004531,0.844948,0,Normal,1,Anomaly,False Negative (FN)
2014-12-23 17:30:00,16878.0,15786.795,0.003153,0.587894,0,Normal,1,Anomaly,False Negative (FN)
2014-12-23 18:00:00,19444.0,13613.798,0.004907,0.914914,0,Normal,1,Anomaly,False Negative (FN)
2014-12-23 18:30:00,20376.998,14953.336,0.005505,1.026556,1,Anomaly,1,Anomaly,True Positive (TP)
2014-12-23 19:00:00,20065.0,16113.986,0.005487,1.023137,1,Anomaly,1,Anomaly,True Positive (TP)
2014-12-23 19:30:00,19194.0,19031.139,0.00473,0.882057,0,Normal,1,Anomaly,False Negative (FN)
2014-12-23 20:00:00,18589.002,21361.875,0.005313,0.990677,0,Normal,1,Anomaly,False Negative (FN)
2014-12-23 20:30:00,17560.0,22128.674,0.006186,1.153478,1,Anomaly,1,Anomaly,True Positive (TP)
2014-12-23 21:00:00,17394.0,22390.826,0.006987,1.302829,1,Anomaly,1,Anomaly,True Positive (TP)
2014-12-23 21:30:00,18424.0,22359.54,0.007276,1.356716,1,Anomaly,1,Anomaly,True Positive (TP)
2014-12-23 22:00:00,16611.0,22100.016,0.007533,1.404585,1,Anomaly,1,Anomaly,True Positive (TP)
2014-12-23 22:30:00,15547.001,21424.771,0.007413,1.382292,1,Anomaly,1,Anomaly,True Positive (TP)
2014-12-23 23:00:00,14391.001,20001.492,0.007015,1.308027,1,Anomaly,1,Anomaly,True Positive (TP)
2014-12-23 23:30:00,12687.001,16702.434,0.00649,1.2101,1,Anomaly,1,Anomaly,True Positive (TP)
2014-12-24 00:00:00,11488.001,15141.009,0.006532,1.217896,1,Anomaly,1,Anomaly,True Positive (TP)
2014-12-24 00:30:00,9158.0,11321.497,0.006135,1.143904,1,Anomaly,1,Anomaly,True Positive (TP)
2014-12-24 01:00:00,7484.0,9161.472,0.005957,1.110806,1,Anomaly,1,Anomaly,True Positive (TP)
2014-12-24 01:30:00,6303.0,6818.1265,0.005413,1.009323,1,Anomaly,1,Anomaly,True Positive (TP)
2014-12-24 02:00:00,5454.0,5167.703,0.004523,0.843402,0,Normal,1,Anomaly,False Negative (FN)
2014-12-24 02:30:00,4400.0,4032.4492,0.003308,0.616885,0,Normal,1,Anomaly,False Negative (FN)
2014-12-24 03:00:00,3409.0,3240.8945,0.002336,0.435595,0,Normal,1,Anomaly,False Negative (FN)
2014-12-24 03:30:00,3301.0,2740.2678,0.002009,0.37452,0,Normal,1,Anomaly,False Negative (FN)
2014-12-24 04:00:00,3479.0,2452.9983,0.001882,0.350941,0,Normal,1,Anomaly,False Negative (FN)
2014-12-24 04:30:00,2809.0,2512.8352,0.001186,0.221061,0,Normal,1,Anomaly,False Negative (FN)
2014-12-24 05:00:00,2713.0,3070.5178,0.001107,0.206372,0,Normal,1,Anomaly,False Negative (FN)
2014-12-24 05:30:00,3654.0,4098.4785,0.0013,0.242321,0,Normal,1,Anomaly,False Negative (FN)
2014-12-24 06:00:00,4943.0005,5352.912,0.001202,0.224153,0,Normal,1,Anomaly,False Negative (FN)
2014-12-24 06:30:00,6952.0,6949.6655,0.000785,0.146457,0,Normal,1,Anomaly,False Negative (FN)
2014-12-24 07:00:00,7357.0,8735.204,0.000622,0.11592,0,Normal,1,Anomaly,False Negative (FN)
2014-12-24 07:30:00,9019.0,10675.62,0.000715,0.133315,0,Normal,1,Anomaly,False Negative (FN)
2014-12-24 08:00:00,9982.0,12450.549,0.001047,0.195162,0,Normal,1,Anomaly,False Negative (FN)
2014-12-24 08:30:00,12036.0,14031.106,0.001337,0.249279,0,Normal,1,Anomaly,False Negative (FN)
2014-12-24 09:00:00,13416.0,15005.822,0.001596,0.297597,0,Normal,1,Anomaly,False Negative (FN)
2014-12-24 09:30:00,16386.002,15043.614,0.00142,0.264741,0,Normal,1,Anomaly,False Negative (FN)
2014-12-24 10:00:00,18242.0,14545.76,0.002241,0.417814,0,Normal,1,Anomaly,False Negative (FN)
2014-12-24 10:30:00,17436.0,13922.726,0.003018,0.562769,0,Normal,1,Anomaly,False Negative (FN)
2014-12-24 11:00:00,19281.0,13797.138,0.004714,0.878965,0,Normal,1,Anomaly,False Negative (FN)
2014-12-24 11:30:00,18938.998,14007.092,0.005666,1.056508,1,Anomaly,1,Anomaly,True Positive (TP)
2014-12-24 12:00:00,18558.0,14509.076,0.005915,1.102873,1,Anomaly,1,Anomaly,True Positive (TP)
2014-12-24 12:30:00,20400.0,15251.252,0.006303,1.175361,1,Anomaly,1,Anomaly,True Positive (TP)
2014-12-24 13:00:00,21494.0,16114.213,0.00664,1.238138,1,Anomaly,1,Anomaly,True Positive (TP)
2014-12-24 13:30:00,19961.0,16976.578,0.006465,1.20545,1,Anomaly,1,Anomaly,True Positive (TP)
2014-12-24 14:00:00,19618.0,17756.781,0.006196,1.155256,1,Anomaly,1,Anomaly,True Positive (TP)
2014-12-24 14:30:00,17870.0,18396.55,0.005834,1.087829,1,Anomaly,1,Anomaly,True Positive (TP)
2014-12-24 15:00:00,17549.0,18892.436,0.005495,1.024641,1,Anomaly,1,Anomaly,True Positive (TP)
2014-12-24 15:30:00,17387.002,19231.166,0.005027,0.937333,0,Normal,1,Anomaly,False Negative (FN)
2014-12-24 16:00:00,15882.0,19365.887,0.005436,1.013563,1,Anomaly,1,Anomaly,True Positive (TP)
2014-12-24 16:30:00,15280.001,19283.379,0.00556,1.036814,1,Anomaly,1,Anomaly,True Positive (TP)
2014-12-24 17:00:00,16907.0,18975.568,0.005054,0.942358,0,Normal,1,Anomaly,False Negative (FN)
2014-12-24 17:30:00,16821.0,18446.545,0.00437,0.814798,0,Normal,1,Anomaly,False Negative (FN)
2014-12-24 18:00:00,17096.0,17826.584,0.003501,0.652834,0,Normal,1,Anomaly,False Negative (FN)
2014-12-24 18:30:00,16830.0,16624.895,0.002554,0.476182,0,Normal,1,Anomaly,False Negative (FN)
2014-12-24 19:00:00,15846.001,14477.974,0.00543,1.012469,1,Anomaly,1,Anomaly,True Positive (TP)
2014-12-24 19:30:00,14421.0,13706.161,0.005019,0.935787,0,Normal,1,Anomaly,False Negative (FN)
2014-12-24 20:00:00,13101.0,14510.762,0.003182,0.593306,0,Normal,1,Anomaly,False Negative (FN)
2014-12-24 20:30:00,13010.0,15342.361,0.002707,0.504787,0,Normal,1,Anomaly,False Negative (FN)
2014-12-24 21:00:00,12453.001,15580.299,0.002776,0.517543,0,Normal,1,Anomaly,False Negative (FN)
2014-12-24 21:30:00,12904.0,15437.867,0.003118,0.581323,0,Normal,1,Anomaly,False Negative (FN)
2014-12-24 22:00:00,12563.001,15262.296,0.00342,0.637759,0,Normal,1,Anomaly,False Negative (FN)
2014-12-24 22:30:00,12915.001,15069.548,0.00375,0.69922,0,Normal,1,Anomaly,False Negative (FN)
2014-12-24 23:00:00,12169.001,14897.592,0.004005,0.746765,0,Normal,1,Anomaly,False Negative (FN)
2014-12-24 23:30:00,11420.0,14739.541,0.004388,0.818277,0,Normal,1,Anomaly,False Negative (FN)
2014-12-25 00:00:00,10665.001,14605.461,0.005062,0.943905,0,Normal,1,Anomaly,False Negative (FN)
2014-12-25 00:30:00,9890.001,14304.749,0.005259,0.980627,0,Normal,1,Anomaly,False Negative (FN)
2014-12-25 01:00:00,8488.0,13285.476,0.004502,0.839537,0,Normal,1,Anomaly,False Negative (FN)
2014-12-25 01:30:00,7209.0,11399.909,0.004189,0.781168,0,Normal,1,Anomaly,False Negative (FN)
2014-12-25 02:00:00,6240.0,8484.8,0.00352,0.656313,0,Normal,1,Anomaly,False Negative (FN)
2014-12-25 02:30:00,5143.0005,6387.164,0.003509,0.654381,0,Normal,1,Anomaly,False Negative (FN)
2014-12-25 03:00:00,4002.9998,5372.623,0.003449,0.643171,0,Normal,1,Anomaly,False Negative (FN)
2014-12-25 03:30:00,3414.0,4427.768,0.003194,0.595625,0,Normal,1,Anomaly,False Negative (FN)
2014-12-25 04:00:00,3206.0,3826.7715,0.003325,0.619978,0,Normal,1,Anomaly,False Negative (FN)
2014-12-25 04:30:00,2193.0,3517.2642,0.003849,0.717774,0,Normal,1,Anomaly,False Negative (FN)
2014-12-25 05:00:00,1800.9999,3395.9316,0.003669,0.684145,0,Normal,1,Anomaly,False Negative (FN)
2014-12-25 05:30:00,1756.0,3474.2383,0.003337,0.622297,0,Normal,1,Anomaly,False Negative (FN)
2014-12-25 06:00:00,2144.0,3714.034,0.002633,0.490871,0,Normal,1,Anomaly,False Negative (FN)
2014-12-25 06:30:00,2710.0,4077.5361,0.001872,0.349008,0,Normal,1,Anomaly,False Negative (FN)
2014-12-25 07:00:00,2637.0,4470.177,0.001484,0.276724,0,Normal,1,Anomaly,False Negative (FN)
2014-12-25 07:30:00,3029.0,4884.0386,0.001331,0.248119,0,Normal,1,Anomaly,False Negative (FN)
2014-12-25 08:00:00,2926.0,5296.1772,0.001335,0.248892,0,Normal,1,Anomaly,False Negative (FN)
2014-12-25 08:30:00,3485.0,5632.7583,0.001105,0.205986,0,Normal,1,Anomaly,False Negative (FN)
2014-12-25 09:00:00,4195.0,5920.196,0.000746,0.139113,0,Normal,1,Anomaly,False Negative (FN)
2014-12-25 09:30:00,5410.0,6116.544,0.000327,0.06103,0,Normal,1,Anomaly,False Negative (FN)
2014-12-25 10:00:00,6572.0,6320.8413,0.000137,0.025468,0,Normal,1,Anomaly,False Negative (FN)
2014-12-25 10:30:00,7857.0,6511.5615,0.00024,0.044795,0,Normal,1,Anomaly,False Negative (FN)
2014-12-25 11:00:00,8586.0,6764.7915,0.000601,0.112055,0,Normal,1,Anomaly,False Negative (FN)
2014-12-25 11:30:00,9599.0,7096.3257,0.00125,0.233044,0,Normal,1,Anomaly,False Negative (FN)
2014-12-25 12:00:00,10158.0,7493.09,0.00199,0.371041,0,Normal,1,Anomaly,False Negative (FN)
2014-12-25 12:30:00,10843.001,7959.781,0.002709,0.505173,0,Normal,1,Anomaly,False Negative (FN)
2014-12-25 13:00:00,10618.0,8484.441,0.002991,0.557744,0,Normal,1,Anomaly,False Negative (FN)
2014-12-25 13:30:00,11206.001,9057.639,0.003068,0.572046,0,Normal,1,Anomaly,False Negative (FN)
2014-12-25 14:00:00,11176.0,9583.23,0.002914,0.543441,0,Normal,1,Anomaly,False Negative (FN)
2014-12-25 14:30:00,12218.0,10051.958,0.002892,0.539189,0,Normal,1,Anomaly,False Negative (FN)
2014-12-25 15:00:00,12039.001,10447.899,0.002689,0.501308,0,Normal,1,Anomaly,False Negative (FN)
2014-12-25 15:30:00,11754.0,10784.71,0.002506,0.467292,0,Normal,1,Anomaly,False Negative (FN)
2014-12-25 16:00:00,11282.001,11078.721,0.00244,0.454922,0,Normal,1,Anomaly,False Negative (FN)
2014-12-25 16:30:00,10380.0,11345.453,0.002168,0.404284,0,Normal,1,Anomaly,False Negative (FN)
2014-12-25 17:00:00,10642.001,11585.024,0.001824,0.340118,0,Normal,1,Anomaly,False Negative (FN)
2014-12-25 17:30:00,10788.0,11783.938,0.001482,0.276337,0,Normal,1,Anomaly,False Negative (FN)
2014-12-25 18:00:00,10786.0,11914.448,0.001258,0.23459,0,Normal,1,Anomaly,False Negative (FN)
2014-12-25 18:30:00,11433.0,11976.746,0.00113,0.210624,0,Normal,1,Anomaly,False Negative (FN)
2014-12-25 19:00:00,11262.001,11962.679,0.000962,0.179314,0,Normal,1,Anomaly,False Negative (FN)
2014-12-25 19:30:00,10510.0,11842.6455,0.000943,0.175835,0,Normal,1,Anomaly,False Negative (FN)
2014-12-25 20:00:00,9827.0,11608.722,0.000968,0.180473,0,Normal,1,Anomaly,False Negative (FN)
2014-12-25 20:30:00,10446.0,11308.398,0.000991,0.184725,0,Normal,1,Anomaly,False Negative (FN)
2014-12-25 21:00:00,10164.0,10977.906,0.001194,0.222607,0,Normal,1,Anomaly,False Negative (FN)
2014-12-25 21:30:00,11279.0,10768.608,0.001455,0.271312,0,Normal,1,Anomaly,False Negative (FN)
2014-12-25 22:00:00,10756.001,10689.597,0.001664,0.310353,0,Normal,1,Anomaly,False Negative (FN)
2014-12-25 22:30:00,10622.0,10698.133,0.001749,0.326202,0,Normal,1,Anomaly,False Negative (FN)
2014-12-25 23:00:00,8270.0,10565.657,0.002199,0.410083,0,Normal,1,Anomaly,False Negative (FN)
2014-12-25 23:30:00,7685.0,10264.061,0.00272,0.507106,0,Normal,1,Anomaly,False Negative (FN)
2014-12-26 00:00:00,6540.0,9808.847,0.003632,0.677187,0,Normal,1,Anomaly,False Negative (FN)
2014-12-26 00:30:00,5312.0,9106.709,0.004809,0.896746,0,Normal,1,Anomaly,False Negative (FN)
2014-12-26 01:00:00,4573.0,8219.85,0.005636,1.050901,1,Anomaly,1,Anomaly,True Positive (TP)
2014-12-26 01:30:00,3322.0,7189.067,0.005946,1.108617,1,Anomaly,1,Anomaly,True Positive (TP)
2014-12-26 02:00:00,2840.0,6334.894,0.006095,1.136518,1,Anomaly,1,Anomaly,True Positive (TP)
2014-12-26 02:30:00,2294.0,5713.9185,0.006014,1.121474,1,Anomaly,1,Anomaly,True Positive (TP)
2014-12-26 03:00:00,1887.9999,5263.521,0.005848,1.090427,1,Anomaly,1,Anomaly,True Positive (TP)
2014-12-26 03:30:00,1628.0,4933.8486,0.005643,1.052269,1,Anomaly,1,Anomaly,True Positive (TP)
2014-12-26 04:00:00,1962.0,4718.487,0.005255,0.979854,0,Normal,1,Anomaly,False Negative (FN)
2014-12-26 04:30:00,1541.0,4588.8193,0.004809,0.896746,0,Normal,1,Anomaly,False Negative (FN)
2014-12-26 05:00:00,1459.0,4543.689,0.004444,0.828713,0,Normal,1,Anomaly,False Negative (FN)
2014-12-26 05:30:00,1993.0,4576.807,0.003949,0.736329,0,Normal,1,Anomaly,False Negative (FN)
2014-12-26 06:00:00,2763.0,4692.2173,0.003381,0.630415,0,Normal,1,Anomaly,False Negative (FN)
2014-12-26 06:30:00,3830.0,4869.448,0.002782,0.518702,0,Normal,1,Anomaly,False Negative (FN)
2014-12-26 07:00:00,4376.0,5096.8594,0.002172,0.405057,0,Normal,1,Anomaly,False Negative (FN)
2014-12-26 07:30:00,5533.0,5418.9478,0.001486,0.27711,0,Normal,1,Anomaly,False Negative (FN)
2014-12-26 08:00:00,6342.0,5825.3853,0.000823,0.153415,0,Normal,1,Anomaly,False Negative (FN)
2014-12-26 08:30:00,7425.0,6228.7207,0.000535,0.099685,0,Normal,1,Anomaly,False Negative (FN)
2014-12-26 09:00:00,8473.0,6681.727,0.000636,0.118626,0,Normal,1,Anomaly,False Negative (FN)
2014-12-26 09:30:00,9288.0,7055.725,0.001219,0.227246,0,Normal,1,Anomaly,False Negative (FN)
2014-12-26 10:00:00,10259.001,7484.419,0.002094,0.390369,0,Normal,1,Anomaly,False Negative (FN)
2014-12-26 10:30:00,10994.001,7937.9507,0.002919,0.544215,0,Normal,1,Anomaly,False Negative (FN)
2014-12-26 11:00:00,11708.0,8580.564,0.003447,0.642784,0,Normal,1,Anomaly,False Negative (FN)
2014-12-26 11:30:00,13105.0,9307.484,0.004015,0.748698,0,Normal,1,Anomaly,False Negative (FN)
2014-12-26 12:00:00,13577.0,10051.653,0.004194,0.781941,0,Normal,1,Anomaly,False Negative (FN)
2014-12-26 12:30:00,14110.0,10700.45,0.004328,0.807067,0,Normal,1,Anomaly,False Negative (FN)
2014-12-26 13:00:00,14559.001,11240.901,0.004695,0.875486,0,Normal,1,Anomaly,False Negative (FN)
2014-12-26 13:30:00,14063.001,11738.319,0.004633,0.863889,0,Normal,1,Anomaly,False Negative (FN)
2014-12-26 14:00:00,14506.0,12236.806,0.004687,0.87394,0,Normal,1,Anomaly,False Negative (FN)
2014-12-26 14:30:00,15863.0,12796.962,0.005002,0.932695,0,Normal,1,Anomaly,False Negative (FN)
2014-12-26 15:00:00,16608.0,13415.547,0.005274,0.983332,0,Normal,1,Anomaly,False Negative (FN)
2014-12-26 15:30:00,15959.0,14031.006,0.00499,0.930375,0,Normal,1,Anomaly,False Negative (FN)
2014-12-26 16:00:00,15481.001,14581.866,0.00466,0.868914,0,Normal,1,Anomaly,False Negative (FN)
2014-12-26 16:30:00,14491.0,15042.158,0.003986,0.743287,0,Normal,1,Anomaly,False Negative (FN)
2014-12-26 17:00:00,15597.001,15438.752,0.003089,0.575911,0,Normal,1,Anomaly,False Negative (FN)
2014-12-26 17:30:00,16349.001,15780.632,0.002214,0.412788,0,Normal,1,Anomaly,False Negative (FN)
2014-12-26 18:00:00,16711.0,16085.968,0.001434,0.267447,0,Normal,1,Anomaly,False Negative (FN)
2014-12-26 18:30:00,16708.0,16355.591,0.000902,0.168104,0,Normal,1,Anomaly,False Negative (FN)
2014-12-26 19:00:00,18113.0,16736.59,0.000622,0.11592,0,Normal,1,Anomaly,False Negative (FN)
2014-12-26 19:30:00,16700.0,17103.197,0.000582,0.108576,0,Normal,1,Anomaly,False Negative (FN)
2014-12-26 20:00:00,15087.001,17379.852,0.001078,0.20096,0,Normal,1,Anomaly,False Negative (FN)
2014-12-26 20:30:00,15282.001,17439.887,0.001677,0.312673,0,Normal,1,Anomaly,False Negative (FN)
2014-12-26 21:00:00,14797.001,17112.678,0.002344,0.437141,0,Normal,1,Anomaly,False Negative (FN)
2014-12-26 21:30:00,14744.0,16410.912,0.00246,0.458788,0,Normal,1,Anomaly,False Negative (FN)
2014-12-26 22:00:00,15618.001,15749.566,0.001884,0.351327,0,Normal,1,Anomaly,False Negative (FN)
2014-12-26 22:30:00,16172.0,15411.338,0.00138,0.257396,0,Normal,1,Anomaly,False Negative (FN)
2014-12-26 23:00:00,14863.001,15138.235,0.001177,0.219515,0,Normal,1,Anomaly,False Negative (FN)
2014-12-26 23:30:00,13696.0,14796.535,0.001103,0.205599,0,Normal,1,Anomaly,False Negative (FN)
2014-12-27 00:00:00,13396.001,14475.825,0.001067,0.199028,0,Normal,1,Anomaly,False Negative (FN)
2014-12-27 00:30:00,12040.0,14003.439,0.001188,0.221447,0,Normal,1,Anomaly,False Negative (FN)
2014-12-27 01:00:00,11298.0,13235.736,0.0012,0.223767,0,Normal,1,Anomaly,False Negative (FN)
2014-12-27 01:30:00,10005.0,12168.567,0.001538,0.286774,0,Normal,1,Anomaly,False Negative (FN)
2014-12-27 02:00:00,9368.0,10734.774,0.001903,0.354806,0,Normal,1,Anomaly,False Negative (FN)
2014-12-27 02:30:00,8002.0,8809.203,0.002214,0.412788,0,Normal,1,Anomaly,False Negative (FN)
2014-12-27 03:00:00,7492.9995,7449.681,0.00199,0.371041,0,Normal,1,Anomaly,False Negative (FN)
2014-12-27 03:30:00,6509.0,6537.967,0.001739,0.324269,0,Normal,1,Anomaly,False Negative (FN)
2014-12-27 04:00:00,5928.0,5701.1987,0.00155,0.289093,0,Normal,1,Anomaly,False Negative (FN)
2014-12-27 04:30:00,4158.0,4863.2227,0.001836,0.342437,0,Normal,1,Anomaly,False Negative (FN)
2014-12-27 05:00:00,2648.0,3998.578,0.002193,0.408923,0,Normal,1,Anomaly,False Negative (FN)
2014-12-27 05:30:00,2313.0,3361.7773,0.002301,0.429023,0,Normal,1,Anomaly,False Negative (FN)
2014-12-27 06:00:00,2391.0,3054.9749,0.002131,0.397327,0,Normal,1,Anomaly,False Negative (FN)
2014-12-27 06:30:00,2821.0,3054.2615,0.001973,0.367949,0,Normal,1,Anomaly,False Negative (FN)
2014-12-27 07:00:00,2967.0,3262.981,0.001001,0.186658,0,Normal,1,Anomaly,False Negative (FN)
2014-12-27 07:30:00,4013.0,3740.9622,0.000553,0.103164,0,Normal,1,Anomaly,False Negative (FN)
2014-12-27 08:00:00,4505.0,4555.4893,0.000651,0.121332,0,Normal,1,Anomaly,False Negative (FN)
2014-12-27 08:30:00,6117.0005,5750.629,0.000736,0.13718,0,Normal,1,Anomaly,False Negative (FN)
2014-12-27 09:00:00,7591.0,7389.9185,0.000841,0.156894,0,Normal,1,Anomaly,False Negative (FN)
2014-12-27 09:30:00,9467.001,9309.853,0.00097,0.18086,0,Normal,1,Anomaly,False Negative (FN)
2014-12-27 10:00:00,10065.0,10862.724,0.001113,0.207532,0,Normal,1,Anomaly,False Negative (FN)
2014-12-27 10:30:00,11788.001,11871.105,0.001024,0.19091,0,Normal,1,Anomaly,False Negative (FN)
2014-12-27 11:00:00,12882.001,12543.375,0.000949,0.176995,0,Normal,1,Anomaly,False Negative (FN)
2014-12-27 11:30:00,14317.0,12815.182,0.001032,0.192456,0,Normal,1,Anomaly,False Negative (FN)
2014-12-27 12:00:00,15130.0,12600.253,0.001353,0.252371,0,Normal,1,Anomaly,False Negative (FN)
2014-12-27 12:30:00,15345.0,12616.443,0.001602,0.298757,0,Normal,1,Anomaly,False Negative (FN)
2014-12-27 13:00:00,17040.0,12918.926,0.002313,0.431343,0,Normal,1,Anomaly,False Negative (FN)
2014-12-27 13:30:00,16684.0,13276.365,0.00268,0.499762,0,Normal,1,Anomaly,False Negative (FN)
2014-12-27 14:00:00,16291.001,13698.283,0.002827,0.527206,0,Normal,1,Anomaly,False Negative (FN)
2014-12-27 14:30:00,17065.0,14232.294,0.003072,0.572819,0,Normal,1,Anomaly,False Negative (FN)
2014-12-27 15:00:00,17860.0,14819.07,0.003532,0.658633,0,Normal,1,Anomaly,False Negative (FN)
2014-12-27 15:30:00,17447.002,15409.857,0.003767,0.702312,0,Normal,1,Anomaly,False Negative (FN)
2014-12-27 16:00:00,16199.0,15924.647,0.003891,0.725505,0,Normal,1,Anomaly,False Negative (FN)
2014-12-27 16:30:00,14999.0,16349.17,0.003974,0.740967,0,Normal,1,Anomaly,False Negative (FN)
2014-12-27 17:00:00,15570.001,16689.08,0.003665,0.683372,0,Normal,1,Anomaly,False Negative (FN)
2014-12-27 17:30:00,17132.002,16941.562,0.003151,0.587508,0,Normal,1,Anomaly,False Negative (FN)
2014-12-27 18:00:00,17710.0,17096.594,0.002558,0.476955,0,Normal,1,Anomaly,False Negative (FN)
2014-12-27 18:30:00,18132.0,17159.207,0.002036,0.379545,0,Normal,1,Anomaly,False Negative (FN)
2014-12-27 19:00:00,18627.0,17216.404,0.001497,0.279043,0,Normal,1,Anomaly,False Negative (FN)
2014-12-27 19:30:00,17430.0,17271.062,0.001202,0.224153,0,Normal,1,Anomaly,False Negative (FN)
2014-12-27 20:00:00,16148.001,17420.01,0.001237,0.230725,0,Normal,1,Anomaly,False Negative (FN)
2014-12-27 20:30:00,15807.0,17426.275,0.001611,0.300303,0,Normal,1,Anomaly,False Negative (FN)
2014-12-27 21:00:00,16121.001,17023.625,0.001555,0.289866,0,Normal,1,Anomaly,False Negative (FN)
2014-12-27 21:30:00,17054.0,16786.664,0.001125,0.209851,0,Normal,1,Anomaly,False Negative (FN)
2014-12-27 22:00:00,18095.0,16829.86,0.00109,0.20328,0,Normal,1,Anomaly,False Negative (FN)
2014-12-27 22:30:00,17628.0,17068.264,0.001059,0.197482,0,Normal,1,Anomaly,False Negative (FN)
2014-12-27 23:00:00,17414.0,17587.98,0.001045,0.194776,0,Normal,1,Anomaly,False Negative (FN)
2014-12-27 23:30:00,17594.0,18176.303,0.001105,0.205986,0,Normal,1,Anomaly,False Negative (FN)
2014-12-28 00:00:00,16514.0,18416.172,0.001449,0.270152,0,Normal,1,Anomaly,False Negative (FN)
2014-12-28 00:30:00,15556.001,18202.266,0.002036,0.379545,0,Normal,1,Anomaly,False Negative (FN)
2014-12-28 01:00:00,14465.001,16996.04,0.001876,0.349781,0,Normal,1,Anomaly,False Negative (FN)
2014-12-28 01:30:00,12810.001,15782.425,0.002067,0.385344,0,Normal,1,Anomaly,False Negative (FN)
2014-12-28 02:00:00,12680.0,15384.219,0.002755,0.513677,0,Normal,1,Anomaly,False Negative (FN)
2014-12-28 02:30:00,11121.001,14071.098,0.003074,0.573206,0,Normal,1,Anomaly,False Negative (FN)
2014-12-28 03:00:00,9850.0,11455.533,0.002591,0.48314,0,Normal,1,Anomaly,False Negative (FN)
2014-12-28 03:30:00,9033.0,9254.2295,0.002118,0.395007,0,Normal,1,Anomaly,False Negative (FN)
2014-12-28 04:00:00,8121.9995,8031.4375,0.001812,0.337798,0,Normal,1,Anomaly,False Negative (FN)
2014-12-28 04:30:00,5228.0005,6769.1094,0.002021,0.37684,0,Normal,1,Anomaly,False Negative (FN)
2014-12-28 05:00:00,3452.0,5340.1826,0.00245,0.456855,0,Normal,1,Anomaly,False Negative (FN)
2014-12-28 05:30:00,2937.0,4034.0732,0.002527,0.471157,0,Normal,1,Anomaly,False Negative (FN)
2014-12-28 06:00:00,2764.0,3093.4253,0.002305,0.429797,0,Normal,1,Anomaly,False Negative (FN)
2014-12-28 06:30:00,3090.0,2574.6147,0.001199,0.223648,0,Normal,0,Normal,True Negative (TN)
2014-12-28 07:00:00,3109.0,2402.1318,0.000668,0.124605,0,Normal,0,Normal,True Negative (TN)
2014-12-28 07:30:00,4300.0,2594.2678,0.000522,0.097326,0,Normal,0,Normal,True Negative (TN)
2014-12-28 08:00:00,5130.0,3251.529,0.000637,0.118707,0,Normal,0,Normal,True Negative (TN)
2014-12-28 08:30:00,6652.0,4685.879,0.00078,0.145495,0,Normal,0,Normal,True Negative (TN)
2014-12-28 09:00:00,7486.0,6883.081,0.00078,0.145495,0,Normal,0,Normal,True Negative (TN)
2014-12-28 09:30:00,9812.0,9450.355,0.000821,0.153114,0,Normal,0,Normal,True Negative (TN)
2014-12-28 10:00:00,10911.001,11731.403,0.00085,0.158521,0,Normal,0,Normal,True Negative (TN)
2014-12-28 10:30:00,13280.001,13787.472,0.000953,0.17769,0,Normal,0,Normal,True Negative (TN)
2014-12-28 11:00:00,13191.001,15114.796,0.001232,0.229792,0,Normal,0,Normal,True Negative (TN)
2014-12-28 11:30:00,14218.0,15469.69,0.001326,0.247241,0,Normal,0,Normal,True Negative (TN)
2014-12-28 12:00:00,14878.001,15050.938,0.001248,0.232741,0,Normal,0,Normal,True Negative (TN)
2014-12-28 12:30:00,15665.001,14271.846,0.001174,0.218979,0,Normal,0,Normal,True Negative (TN)
2014-12-28 13:00:00,15911.0,13856.388,0.00123,0.229301,0,Normal,0,Normal,True Negative (TN)
2014-12-28 13:30:00,15002.001,13822.164,0.001213,0.226106,0,Normal,0,Normal,True Negative (TN)
2014-12-28 14:00:00,15102.001,14057.737,0.001184,0.220699,0,Normal,0,Normal,True Negative (TN)
2014-12-28 14:30:00,15658.0,14454.264,0.001126,0.209885,0,Normal,0,Normal,True Negative (TN)
2014-12-28 15:00:00,15756.001,14841.389,0.001064,0.198334,0,Normal,0,Normal,True Negative (TN)
2014-12-28 15:30:00,16645.002,15183.181,0.001083,0.202021,0,Normal,0,Normal,True Negative (TN)
2014-12-28 16:00:00,16464.0,15488.767,0.00109,0.20325,0,Normal,0,Normal,True Negative (TN)
2014-12-28 16:30:00,15288.001,15792.929,0.001155,0.215292,0,Normal,0,Normal,True Negative (TN)
2014-12-28 17:00:00,15988.0,16057.152,0.001069,0.199318,0,Normal,0,Normal,True Negative (TN)
2014-12-28 17:30:00,16608.0,16241.08,0.00092,0.171546,0,Normal,0,Normal,True Negative (TN)
2014-12-28 18:00:00,16556.002,16333.377,0.000717,0.133699,0,Normal,0,Normal,True Negative (TN)
2014-12-28 18:30:00,16635.0,16351.759,0.000559,0.104207,0,Normal,0,Normal,True Negative (TN)
2014-12-28 19:00:00,16446.0,16393.104,0.00033,0.061444,0,Normal,0,Normal,True Negative (TN)
2014-12-28 19:30:00,15796.001,16452.209,0.000277,0.051613,0,Normal,0,Normal,True Negative (TN)
2014-12-28 20:00:00,14951.0,16504.984,0.000453,0.084546,0,Normal,0,Normal,True Negative (TN)
2014-12-28 20:30:00,14373.0,16163.856,0.0008,0.149182,0,Normal,0,Normal,True Negative (TN)
2014-12-28 21:00:00,13695.001,15364.405,0.000809,0.150902,0,Normal,0,Normal,True Negative (TN)
2014-12-28 21:30:00,14411.001,14671.115,0.00044,0.082088,0,Normal,0,Normal,True Negative (TN)
2014-12-28 22:00:00,14035.0,14275.952,0.000384,0.07152,0,Normal,0,Normal,True Negative (TN)
2014-12-28 22:30:00,12954.0,13816.646,0.000327,0.060953,0,Normal,0,Normal,True Negative (TN)
2014-12-28 23:00:00,11239.001,13189.79,0.000544,0.101504,0,Normal,0,Normal,True Negative (TN)
2014-12-28 23:30:00,10461.0,12143.577,0.000687,0.128046,0,Normal,0,Normal,True Negative (TN)
2014-12-29 00:00:00,8548.0,10390.06,0.000933,0.174004,0,Normal,0,Normal,True Negative (TN)
2014-12-29 00:30:00,6766.0,8353.435,0.001091,0.203495,0,Normal,0,Normal,True Negative (TN)
2014-12-29 01:00:00,5087.0005,6933.1562,0.001007,0.187767,0,Normal,0,Normal,True Negative (TN)
2014-12-29 01:30:00,4353.0,5520.166,0.000985,0.183589,0,Normal,0,Normal,True Negative (TN)
2014-12-29 02:00:00,3646.0002,4272.0483,0.001029,0.191945,0,Normal,0,Normal,True Negative (TN)
2014-12-29 02:30:00,2857.0,3366.4067,0.00104,0.193911,0,Normal,0,Normal,True Negative (TN)
2014-12-29 03:00:00,2484.0,2826.8853,0.001065,0.19858,0,Normal,0,Normal,True Negative (TN)
2014-12-29 03:30:00,2105.0,2576.3452,0.000874,0.162944,0,Normal,0,Normal,True Negative (TN)
2014-12-29 04:00:00,2270.0,2566.4678,0.000647,0.120673,0,Normal,0,Normal,True Negative (TN)
2014-12-29 04:30:00,2033.0,2762.4153,0.000706,0.131732,0,Normal,0,Normal,True Negative (TN)
2014-12-29 05:00:00,2123.0,3192.524,0.000739,0.137877,0,Normal,0,Normal,True Negative (TN)
2014-12-29 05:30:00,2886.0002,3848.4275,0.000652,0.121656,0,Normal,0,Normal,True Negative (TN)
2014-12-29 06:00:00,4249.0,4769.7305,0.000551,0.102732,0,Normal,0,Normal,True Negative (TN)
2014-12-29 06:30:00,6400.0,5997.0166,0.000465,0.086758,0,Normal,0,Normal,True Negative (TN)
2014-12-29 07:00:00,6953.0,7332.123,0.000415,0.077419,0,Normal,0,Normal,True Negative (TN)
2014-12-29 07:30:00,8715.0,8754.081,0.000395,0.073732,0,Normal,0,Normal,True Negative (TN)
2014-12-29 08:00:00,9590.0,10084.235,0.000368,0.068571,0,Normal,0,Normal,True Negative (TN)
2014-12-29 08:30:00,12167.001,11316.741,0.000302,0.056283,0,Normal,0,Normal,True Negative (TN)
2014-12-29 09:00:00,12436.0,12215.099,0.000228,0.04252,0,Normal,0,Normal,True Negative (TN)
2014-12-29 09:30:00,13052.001,12421.136,0.000281,0.052351,0,Normal,0,Normal,True Negative (TN)
2014-12-29 10:00:00,13503.0,12139.686,0.000393,0.073241,0,Normal,0,Normal,True Negative (TN)
2014-12-29 10:30:00,13798.001,11982.2,0.000477,0.08897,0,Normal,0,Normal,True Negative (TN)
2014-12-29 11:00:00,14277.001,12175.428,0.000556,0.103715,0,Normal,0,Normal,True Negative (TN)
2014-12-29 11:30:00,15344.001,12397.811,0.000846,0.157783,0,Normal,0,Normal,True Negative (TN)
2014-12-29 12:00:00,15677.0,12709.943,0.001253,0.233724,0,Normal,0,Normal,True Negative (TN)
2014-12-29 12:30:00,16534.0,13146.538,0.00181,0.337437,0,Normal,0,Normal,True Negative (TN)
2014-12-29 13:00:00,16220.0,13669.7,0.002075,0.386835,0,Normal,0,Normal,True Negative (TN)
2014-12-29 13:30:00,16650.0,14228.464,0.002328,0.434022,0,Normal,0,Normal,True Negative (TN)
2014-12-29 14:00:00,17395.0,14812.173,0.002603,0.485387,0,Normal,0,Normal,True Negative (TN)
2014-12-29 14:30:00,17895.0,15403.657,0.00278,0.518319,0,Normal,0,Normal,True Negative (TN)
2014-12-29 15:00:00,17701.0,15952.789,0.002789,0.520039,0,Normal,0,Normal,True Negative (TN)
2014-12-29 15:30:00,17989.0,16447.477,0.002678,0.499395,0,Normal,0,Normal,True Negative (TN)
2014-12-29 16:00:00,16737.0,16822.514,0.002453,0.457369,0,Normal,0,Normal,True Negative (TN)
2014-12-29 16:30:00,15371.001,17071.764,0.002151,0.40109,0,Normal,0,Normal,True Negative (TN)
2014-12-29 17:00:00,17519.0,17316.26,0.001536,0.286318,0,Normal,0,Normal,True Negative (TN)
2014-12-29 17:30:00,18500.0,17643.742,0.000912,0.170072,0,Normal,0,Normal,True Negative (TN)
2014-12-29 18:00:00,20064.0,18123.264,0.000849,0.158275,0,Normal,0,Normal,True Negative (TN)
2014-12-29 18:30:00,20153.0,18569.275,0.001319,0.246013,0,Normal,0,Normal,True Negative (TN)
2014-12-29 19:00:00,20364.0,19075.486,0.001905,0.355132,0,Normal,0,Normal,True Negative (TN)
2014-12-29 19:30:00,18808.0,19192.668,0.002072,0.386344,0,Normal,0,Normal,True Negative (TN)
2014-12-29 20:00:00,17718.0,19102.305,0.001969,0.367174,0,Normal,0,Normal,True Negative (TN)
2014-12-29 20:30:00,16678.0,18808.035,0.0016,0.29836,0,Normal,0,Normal,True Negative (TN)
2014-12-29 21:00:00,17523.0,18502.35,0.001178,0.219716,0,Normal,0,Normal,True Negative (TN)
2014-12-29 21:30:00,17397.0,18081.492,0.001422,0.265127,0,Normal,1,Anomaly,False Negative (FN)
2014-12-29 22:00:00,16308.001,17369.748,0.001314,0.245027,0,Normal,1,Anomaly,False Negative (FN)
2014-12-29 22:30:00,15954.0,16434.105,0.001312,0.24464,0,Normal,1,Anomaly,False Negative (FN)
2014-12-29 23:00:00,14488.001,15286.085,0.001451,0.270539,0,Normal,1,Anomaly,False Negative (FN)
2014-12-29 23:30:00,12738.0,13727.41,0.001586,0.295665,0,Normal,1,Anomaly,False Negative (FN)
2014-12-30 00:00:00,11042.001,11898.631,0.001839,0.342823,0,Normal,1,Anomaly,False Negative (FN)
2014-12-30 00:30:00,8774.0,10116.36,0.00183,0.341277,0,Normal,1,Anomaly,False Negative (FN)
2014-12-30 01:00:00,7267.0,8602.332,0.001675,0.312286,0,Normal,1,Anomaly,False Negative (FN)
2014-12-30 01:30:00,5704.0,6716.7446,0.001472,0.274404,0,Normal,1,Anomaly,False Negative (FN)
2014-12-30 02:00:00,4749.0,5182.8022,0.001376,0.256623,0,Normal,1,Anomaly,False Negative (FN)
2014-12-30 02:30:00,3931.9998,4051.4597,0.001279,0.238456,0,Normal,1,Anomaly,False Negative (FN)
2014-12-30 03:00:00,3336.0,3220.5283,0.001291,0.240775,0,Normal,1,Anomaly,False Negative (FN)
2014-12-30 03:30:00,3023.0,2656.8218,0.001173,0.218742,0,Normal,1,Anomaly,False Negative (FN)
2014-12-30 04:00:00,3059.0002,2424.5044,0.001266,0.236136,0,Normal,1,Anomaly,False Negative (FN)
2014-12-30 04:30:00,2399.0002,2572.3108,0.001453,0.270926,0,Normal,1,Anomaly,False Negative (FN)
2014-12-30 05:00:00,2091.0,2986.2573,0.001706,0.318084,0,Normal,1,Anomaly,False Negative (FN)
2014-12-30 05:30:00,3019.0,3762.879,0.001799,0.335479,0,Normal,1,Anomaly,False Negative (FN)
2014-12-30 06:00:00,4208.0,4784.9414,0.001382,0.257783,0,Normal,1,Anomaly,False Negative (FN)
2014-12-30 06:30:00,6505.0,6283.7466,0.000916,0.17081,0,Normal,1,Anomaly,False Negative (FN)
2014-12-30 07:00:00,7026.0,7906.679,0.000445,0.083063,0,Normal,1,Anomaly,False Negative (FN)
2014-12-30 07:30:00,8953.0,9884.476,0.000402,0.074946,0,Normal,1,Anomaly,False Negative (FN)
2014-12-30 08:00:00,10186.0,11885.747,0.000566,0.105483,0,Normal,1,Anomaly,False Negative (FN)
2014-12-30 08:30:00,13046.001,13794.836,0.000686,0.127903,0,Normal,1,Anomaly,False Negative (FN)
2014-12-30 09:00:00,13519.0,14852.306,0.00081,0.151096,0,Normal,1,Anomaly,False Negative (FN)
2014-12-30 09:30:00,14319.0,15048.259,0.000686,0.127903,0,Normal,1,Anomaly,False Negative (FN)
2014-12-30 10:00:00,14433.0,14458.015,0.000541,0.100845,0,Normal,1,Anomaly,False Negative (FN)
2014-12-30 10:30:00,15570.001,13540.848,0.000665,0.124038,0,Normal,1,Anomaly,False Negative (FN)
2014-12-30 11:00:00,15690.001,13239.368,0.000958,0.178541,0,Normal,1,Anomaly,False Negative (FN)
2014-12-30 11:30:00,17265.0,13348.12,0.001843,0.343596,0,Normal,1,Anomaly,False Negative (FN)
2014-12-30 12:00:00,17830.0,13708.549,0.002817,0.525274,0,Normal,1,Anomaly,False Negative (FN)
2014-12-30 12:30:00,18552.0,14267.623,0.003889,0.725119,0,Normal,1,Anomaly,False Negative (FN)
2014-12-30 13:00:00,19340.0,14942.521,0.004992,0.930762,0,Normal,1,Anomaly,False Negative (FN)
2014-12-30 13:30:00,19070.0,15667.842,0.005464,1.01876,1,Anomaly,1,Anomaly,True Positive (TP)
2014-12-30 14:00:00,18866.0,16377.484,0.005497,1.024915,1,Anomaly,1,Anomaly,True Positive (TP)
2014-12-30 14:30:00,18709.002,17033.072,0.005441,1.01452,1,Anomaly,1,Anomaly,True Positive (TP)
2014-12-30 15:00:00,18906.002,17614.365,0.005151,0.960526,0,Normal,1,Anomaly,False Negative (FN)
2014-12-30 15:30:00,18178.0,18083.432,0.004807,0.896359,0,Normal,1,Anomaly,False Negative (FN)
2014-12-30 16:00:00,16420.0,18376.78,0.004786,0.892494,0,Normal,1,Anomaly,False Negative (FN)
2014-12-30 16:30:00,15066.001,18490.354,0.004938,0.920712,0,Normal,1,Anomaly,False Negative (FN)
2014-12-30 17:00:00,17023.0,18493.654,0.003968,0.739808,0,Normal,1,Anomaly,False Negative (FN)
2014-12-30 17:30:00,19201.0,18451.703,0.002914,0.543441,0,Normal,1,Anomaly,False Negative (FN)
2014-12-30 18:00:00,20949.998,18539.426,0.002904,0.541509,0,Normal,1,Anomaly,False Negative (FN)
2014-12-30 18:30:00,22320.998,18722.7,0.004283,0.798563,0,Normal,1,Anomaly,False Negative (FN)
2014-12-30 19:00:00,22548.998,18876.068,0.005727,1.06786,1,Anomaly,1,Anomaly,True Positive (TP)
2014-12-30 19:30:00,21404.998,19400.867,0.006124,1.141989,1,Anomaly,1,Anomaly,True Positive (TP)
2014-12-30 20:00:00,20209.0,20223.402,0.00484,0.902544,0,Normal,1,Anomaly,False Negative (FN)
2014-12-30 20:30:00,19574.0,20699.79,0.002979,0.555424,0,Normal,1,Anomaly,False Negative (FN)
2014-12-30 21:00:00,20293.998,21051.002,0.002266,0.422452,0,Normal,1,Anomaly,False Negative (FN)
2014-12-30 21:30:00,20054.002,21108.105,0.002668,0.497442,0,Normal,1,Anomaly,False Negative (FN)
2014-12-30 22:00:00,19779.0,21009.865,0.003495,0.651675,0,Normal,1,Anomaly,False Negative (FN)
2014-12-30 22:30:00,18396.0,20475.502,0.003997,0.745219,0,Normal,1,Anomaly,False Negative (FN)
2014-12-30 23:00:00,17966.0,19965.08,0.004053,0.755656,0,Normal,1,Anomaly,False Negative (FN)
2014-12-30 23:30:00,15892.0,17856.168,0.003874,0.722413,0,Normal,1,Anomaly,False Negative (FN)
2014-12-31 00:00:00,14294.0,15017.887,0.003808,0.710043,0,Normal,1,Anomaly,False Negative (FN)
2014-12-31 00:30:00,12150.0,13114.742,0.003735,0.696514,0,Normal,1,Anomaly,False Negative (FN)
2014-12-31 01:00:00,10423.0,11154.886,0.0029,0.540736,0,Normal,1,Anomaly,False Negative (FN)
2014-12-31 01:30:00,8229.0,8398.518,0.002147,0.400419,0,Normal,1,Anomaly,False Negative (FN)
2014-12-31 02:00:00,7068.0,6355.458,0.001783,0.332387,0,Normal,1,Anomaly,False Negative (FN)
2014-12-31 02:30:00,5572.0005,5014.631,0.001631,0.304169,0,Normal,1,Anomaly,False Negative (FN)
2014-12-31 03:00:00,4669.0,4082.3474,0.001453,0.270926,0,Normal,1,Anomaly,False Negative (FN)
2014-12-31 03:30:00,3922.0,3398.3662,0.001482,0.276337,0,Normal,1,Anomaly,False Negative (FN)
2014-12-31 04:00:00,4120.0,3020.807,0.001673,0.3119,0,Normal,1,Anomaly,False Negative (FN)
2014-12-31 04:30:00,2786.0002,3008.8352,0.001478,0.275564,0,Normal,1,Anomaly,False Negative (FN)
2014-12-31 05:00:00,2265.0,3275.594,0.0017,0.316925,0,Normal,1,Anomaly,False Negative (FN)
2014-12-31 05:30:00,2825.0,3799.8347,0.001951,0.363697,0,Normal,1,Anomaly,False Negative (FN)
2014-12-31 06:00:00,3705.0002,4592.977,0.001884,0.351327,0,Normal,1,Anomaly,False Negative (FN)
2014-12-31 06:30:00,5745.0005,5806.3086,0.001291,0.240775,0,Normal,1,Anomaly,False Negative (FN)
2014-12-31 07:00:00,6334.0,7379.322,0.0007,0.130609,0,Normal,1,Anomaly,False Negative (FN)
2014-12-31 07:30:00,8324.0,9456.078,0.000477,0.088862,0,Normal,1,Anomaly,False Negative (FN)
2014-12-31 08:00:00,9449.0,11728.327,0.00075,0.139886,0,Normal,1,Anomaly,False Negative (FN)
2014-12-31 08:30:00,11877.001,13941.572,0.001088,0.202893,0,Normal,1,Anomaly,False Negative (FN)
2014-12-31 09:00:00,11917.001,15447.925,0.00181,0.337412,0,Normal,1,Anomaly,False Negative (FN)
2014-12-31 09:30:00,12621.001,16258.217,0.002504,0.466905,0,Normal,1,Anomaly,False Negative (FN)
2014-12-31 10:00:00,13294.0,16211.585,0.002574,0.480048,0,Normal,1,Anomaly,False Negative (FN)
2014-12-31 10:30:00,13850.001,15363.008,0.00215,0.400805,0,Normal,1,Anomaly,False Negative (FN)
2014-12-31 11:00:00,15128.0,13976.002,0.001407,0.262421,0,Normal,1,Anomaly,False Negative (FN)
2014-12-31 11:30:00,16996.0,13426.379,0.002085,0.388823,0,Normal,1,Anomaly,False Negative (FN)
2014-12-31 12:00:00,16815.002,13464.75,0.002649,0.493963,0,Normal,1,Anomaly,False Negative (FN)
2014-12-31 12:30:00,17275.002,13822.579,0.003234,0.60297,0,Normal,1,Anomaly,False Negative (FN)
2014-12-31 13:00:00,18553.0,14354.763,0.004173,0.778076,0,Normal,1,Anomaly,False Negative (FN)
2014-12-31 13:30:00,18607.0,14993.479,0.004886,0.911048,0,Normal,1,Anomaly,False Negative (FN)
2014-12-31 14:00:00,18703.0,15660.458,0.005449,1.016025,1,Anomaly,1,Anomaly,True Positive (TP)
2014-12-31 14:30:00,18970.0,16333.653,0.005569,1.038455,1,Anomaly,1,Anomaly,True Positive (TP)
2014-12-31 15:00:00,19315.998,16976.965,0.005637,1.051174,1,Anomaly,1,Anomaly,True Positive (TP)
2014-12-31 15:30:00,18542.0,17546.502,0.005567,1.038045,1,Anomaly,1,Anomaly,True Positive (TP)
2014-12-31 16:00:00,17583.0,17971.99,0.005534,1.03189,1,Anomaly,1,Anomaly,True Positive (TP)
2014-12-31 16:30:00,16607.0,18295.463,0.005209,0.971349,0,Normal,1,Anomaly,False Negative (FN)
2014-12-31 17:00:00,17991.0,18555.598,0.004001,0.745992,0,Normal,1,Anomaly,False Negative (FN)
2014-12-31 17:30:00,18983.0,18769.623,0.002572,0.479661,0,Normal,1,Anomaly,False Negative (FN)
2014-12-31 18:00:00,20014.0,19016.104,0.001656,0.308807,0,Normal,1,Anomaly,False Negative (FN)
2014-12-31 18:30:00,20943.0,19260.979,0.002405,0.448351,0,Normal,1,Anomaly,False Negative (FN)
2014-12-31 19:00:00,22113.998,19637.973,0.00404,0.753337,0,Normal,1,Anomaly,False Negative (FN)
2014-12-31 19:30:00,24368.0,19735.29,0.005692,1.061295,1,Anomaly,1,Anomaly,True Positive (TP)
2014-12-31 20:00:00,25524.0,20128.172,0.006595,1.229795,1,Anomaly,1,Anomaly,True Positive (TP)
2014-12-31 20:30:00,26779.0,21024.408,0.007011,1.307343,1,Anomaly,1,Anomaly,True Positive (TP)
2014-12-31 21:00:00,27804.0,22224.656,0.006835,1.274518,1,Anomaly,1,Anomaly,True Positive (TP)
2014-12-31 21:30:00,27315.0,23281.81,0.006149,1.146639,1,Anomaly,1,Anomaly,True Positive (TP)
2014-12-31 22:00:00,25416.998,23862.748,0.00528,0.984492,0,Normal,1,Anomaly,False Negative (FN)
2014-12-31 22:30:00,23177.0,24088.6,0.003966,0.739421,0,Normal,1,Anomaly,False Negative (FN)
2014-12-31 23:00:00,21826.0,24609.45,0.004127,0.769572,0,Normal,1,Anomaly,False Negative (FN)
2014-12-31 23:30:00,14152.001,22414.55,0.006537,1.21899,1,Anomaly,1,Anomaly,True Positive (TP)
2015-01-01 00:00:00,22153.0,20159.863,0.006364,1.186713,1,Anomaly,1,Anomaly,True Positive (TP)
2015-01-01 00:30:00,29547.0,19290.635,0.008744,1.630391,1,Anomaly,1,Anomaly,True Positive (TP)
2015-01-01 01:00:00,30236.0,19418.352,0.010864,2.025653,1,Anomaly,1,Anomaly,True Positive (TP)
2015-01-01 01:30:00,28347.998,20149.842,0.011211,2.090345,1,Anomaly,1,Anomaly,True Positive (TP)
2015-01-01 02:00:00,26264.0,20920.137,0.010499,1.957679,1,Anomaly,1,Anomaly,True Positive (TP)
2015-01-01 02:30:00,25242.998,21514.088,0.009746,1.817217,1,Anomaly,1,Anomaly,True Positive (TP)
2015-01-01 03:00:00,23116.998,21629.81,0.009255,1.725719,1,Anomaly,1,Anomaly,True Positive (TP)
2015-01-01 03:30:00,21017.0,21279.72,0.009104,1.697545,1,Anomaly,1,Anomaly,True Positive (TP)
2015-01-01 04:00:00,18170.0,20360.64,0.009156,1.707255,1,Anomaly,1,Anomaly,True Positive (TP)
2015-01-01 04:30:00,12629.001,18376.5,0.00953,1.777007,1,Anomaly,1,Anomaly,True Positive (TP)
2015-01-01 05:00:00,8899.0,14803.316,0.009816,1.830347,1,Anomaly,1,Anomaly,True Positive (TP)
2015-01-01 05:30:00,6999.0,10910.784,0.009744,1.816944,1,Anomaly,1,Anomaly,True Positive (TP)
2015-01-01 06:00:00,5750.0005,7710.618,0.009746,1.817217,1,Anomaly,1,Anomaly,True Positive (TP)
2015-01-01 06:30:00,5381.0,5452.481,0.009874,1.841152,1,Anomaly,1,Anomaly,True Positive (TP)
2015-01-01 07:00:00,5056.0005,4109.0938,0.010067,1.877122,1,Anomaly,1,Anomaly,True Positive (TP)
2015-01-01 07:30:00,4930.0,3398.1829,0.010151,1.892851,1,Anomaly,1,Anomaly,True Positive (TP)
2015-01-01 08:00:00,4624.0,3081.2688,0.010031,1.870421,1,Anomaly,1,Anomaly,True Positive (TP)
2015-01-01 08:30:00,4726.0,3042.5186,0.009662,1.801626,1,Anomaly,1,Anomaly,True Positive (TP)
2015-01-01 09:00:00,5505.0,3406.6265,0.0091,1.696724,1,Anomaly,1,Anomaly,True Positive (TP)
2015-01-01 09:30:00,6510.0,4669.5967,0.00861,1.605499,1,Anomaly,1,Anomaly,True Positive (TP)
2015-01-01 10:00:00,7705.0,7245.415,0.008304,1.54833,1,Anomaly,1,Anomaly,True Positive (TP)
2015-01-01 10:30:00,10007.0,10670.647,0.008102,1.510718,1,Anomaly,1,Anomaly,True Positive (TP)
2015-01-01 11:00:00,11405.001,13882.45,0.007698,1.435359,1,Anomaly,1,Anomaly,True Positive (TP)
2015-01-01 11:30:00,13562.001,17224.736,0.005466,1.019171,1,Anomaly,1,Anomaly,True Positive (TP)
2015-01-01 12:00:00,14537.0,19562.932,0.006121,1.141305,1,Anomaly,1,Anomaly,True Positive (TP)
2015-01-01 12:30:00,15296.001,20321.58,0.006521,1.215844,1,Anomaly,1,Anomaly,True Positive (TP)
2015-01-01 13:00:00,15376.0,19996.75,0.006226,1.160863,1,Anomaly,1,Anomaly,True Positive (TP)
2015-01-01 13:30:00,16302.001,19318.621,0.005797,1.080853,1,Anomaly,1,Anomaly,True Positive (TP)
2015-01-01 14:00:00,16066.0,18236.361,0.005449,1.016025,1,Anomaly,1,Anomaly,True Positive (TP)
2015-01-01 14:30:00,16485.0,17367.758,0.003995,0.744833,0,Normal,1,Anomaly,False Negative (FN)
2015-01-01 15:00:00,16887.0,16074.646,0.003375,0.629255,0,Normal,1,Anomaly,False Negative (FN)
2015-01-01 15:30:00,16430.0,15610.004,0.002811,0.524114,0,Normal,1,Anomaly,False Negative (FN)
2015-01-01 16:00:00,16044.001,15968.659,0.001563,0.291413,0,Normal,1,Anomaly,False Negative (FN)
2015-01-01 16:30:00,14655.0,16276.027,0.00138,0.257396,0,Normal,1,Anomaly,False Negative (FN)
2015-01-01 17:00:00,15514.001,16504.123,0.001378,0.25701,0,Normal,1,Anomaly,False Negative (FN)
2015-01-01 17:30:00,16184.0,16672.434,0.001291,0.240775,0,Normal,1,Anomaly,False Negative (FN)
2015-01-01 18:00:00,16280.0,16777.771,0.001092,0.203666,0,Normal,1,Anomaly,False Negative (FN)
2015-01-01 18:30:00,16550.0,16784.53,0.000841,0.156894,0,Normal,1,Anomaly,False Negative (FN)
2015-01-01 19:00:00,15626.001,16664.982,0.000651,0.121332,0,Normal,1,Anomaly,False Negative (FN)
2015-01-01 19:30:00,14304.001,16400.053,0.000734,0.136794,0,Normal,1,Anomaly,False Negative (FN)
2015-01-01 20:00:00,13741.0,16051.654,0.000918,0.171196,0,Normal,1,Anomaly,False Negative (FN)
2015-01-01 20:30:00,13578.001,15644.433,0.001038,0.193616,0,Normal,1,Anomaly,False Negative (FN)
2015-01-01 21:00:00,13326.001,14975.977,0.001022,0.190524,0,Normal,1,Anomaly,False Negative (FN)
2015-01-01 21:30:00,13560.001,13673.632,0.000752,0.140273,0,Normal,1,Anomaly,False Negative (FN)
2015-01-01 22:00:00,12730.0,12572.29,0.000336,0.062576,0,Normal,1,Anomaly,False Negative (FN)
2015-01-01 22:30:00,12533.0,12318.63,0.0003,0.056005,0,Normal,1,Anomaly,False Negative (FN)
2015-01-01 23:00:00,10673.0,12210.995,0.000572,0.106643,0,Normal,1,Anomaly,False Negative (FN)
2015-01-01 23:30:00,9947.0,11615.567,0.000889,0.165785,0,Normal,1,Anomaly,False Negative (FN)
2015-01-02 00:00:00,8258.0,10308.459,0.00142,0.264741,0,Normal,1,Anomaly,False Negative (FN)
2015-01-02 00:30:00,8343.0,8794.723,0.001648,0.307261,0,Normal,1,Anomaly,False Negative (FN)
2015-01-02 01:00:00,6326.0,7271.735,0.00215,0.400805,0,Normal,1,Anomaly,False Negative (FN)
2015-01-02 01:30:00,4485.0,6129.4404,0.002255,0.420519,0,Normal,1,Anomaly,False Negative (FN)
2015-01-02 02:00:00,3990.9998,5040.0264,0.002328,0.434049,0,Normal,1,Anomaly,False Negative (FN)
2015-01-02 02:30:00,3126.0,4008.6426,0.002349,0.437914,0,Normal,1,Anomaly,False Negative (FN)
2015-01-02 03:00:00,2794.0,3350.3984,0.002033,0.379159,0,Normal,1,Anomaly,False Negative (FN)
2015-01-02 03:30:00,2296.0,3033.9592,0.001741,0.324656,0,Normal,1,Anomaly,False Negative (FN)
2015-01-02 04:00:00,2506.0,2975.4082,0.001368,0.255077,0,Normal,1,Anomaly,False Negative (FN)
2015-01-02 04:30:00,2012.0,3101.2224,0.001559,0.290639,0,Normal,1,Anomaly,False Negative (FN)
2015-01-02 05:00:00,1955.0,3416.1187,0.001671,0.311513,0,Normal,1,Anomaly,False Negative (FN)
2015-01-02 05:30:00,2485.9998,3895.7893,0.001544,0.287934,0,Normal,1,Anomaly,False Negative (FN)
2015-01-02 06:00:00,3774.0,4563.007,0.001324,0.24696,0,Normal,1,Anomaly,False Negative (FN)
2015-01-02 06:30:00,5344.0005,5383.664,0.000966,0.180087,0,Normal,1,Anomaly,False Negative (FN)
2015-01-02 07:00:00,5956.0,6315.094,0.000798,0.148777,0,Normal,1,Anomaly,False Negative (FN)
2015-01-02 07:30:00,7314.0,7409.956,0.000721,0.134474,0,Normal,1,Anomaly,False Negative (FN)
2015-01-02 08:00:00,8030.0,8468.963,0.000597,0.111281,0,Normal,1,Anomaly,False Negative (FN)
2015-01-02 08:30:00,10085.001,9460.481,0.000477,0.088862,0,Normal,1,Anomaly,False Negative (FN)
2015-01-02 09:00:00,10867.0,10267.737,0.000445,0.083063,0,Normal,1,Anomaly,False Negative (FN)
2015-01-02 09:30:00,11830.0,10749.229,0.000545,0.101618,0,Normal,1,Anomaly,False Negative (FN)
2015-01-02 10:00:00,12507.001,11006.912,0.000777,0.144911,0,Normal,1,Anomaly,False Negative (FN)
2015-01-02 10:30:00,13943.001,11063.911,0.001227,0.228792,0,Normal,1,Anomaly,False Negative (FN)
2015-01-02 11:00:00,14115.001,11381.943,0.001391,0.259329,0,Normal,1,Anomaly,False Negative (FN)
2015-01-02 11:30:00,15399.0,11828.567,0.001772,0.330454,0,Normal,1,Anomaly,False Negative (FN)
2015-01-02 12:00:00,16521.0,12293.327,0.002689,0.501308,0,Normal,1,Anomaly,False Negative (FN)
2015-01-02 12:30:00,16913.0,12734.348,0.003953,0.737102,0,Normal,1,Anomaly,False Negative (FN)
2015-01-02 13:00:00,16207.0,13265.356,0.004645,0.866209,0,Normal,1,Anomaly,False Negative (FN)
2015-01-02 13:30:00,17068.0,13887.921,0.00518,0.965938,0,Normal,1,Anomaly,False Negative (FN)
2015-01-02 14:00:00,17756.0,14550.153,0.00556,1.036677,1,Anomaly,1,Anomaly,True Positive (TP)
2015-01-02 14:30:00,17887.0,15229.87,0.005607,1.04543,1,Anomaly,1,Anomaly,True Positive (TP)
2015-01-02 15:00:00,17936.0,15879.968,0.005572,1.039002,1,Anomaly,1,Anomaly,True Positive (TP)
2015-01-02 15:30:00,18259.0,16488.996,0.005448,1.015888,1,Anomaly,1,Anomaly,True Positive (TP)
2015-01-02 16:00:00,16710.0,16970.992,0.004934,0.919939,0,Normal,1,Anomaly,False Negative (FN)
2015-01-02 16:30:00,15525.0,17319.25,0.004316,0.804748,0,Normal,1,Anomaly,False Negative (FN)
2015-01-02 17:00:00,17440.0,17596.127,0.003213,0.599104,0,Normal,1,Anomaly,False Negative (FN)
2015-01-02 17:30:00,19523.0,17876.441,0.002118,0.395007,0,Normal,1,Anomaly,False Negative (FN)
2015-01-02 18:00:00,20137.002,18173.082,0.00149,0.277883,0,Normal,1,Anomaly,False Negative (FN)
2015-01-02 18:30:00,20936.0,18508.564,0.001733,0.323109,0,Normal,1,Anomaly,False Negative (FN)
2015-01-02 19:00:00,21997.998,19060.867,0.002637,0.491644,0,Normal,1,Anomaly,False Negative (FN)
2015-01-02 19:30:00,19934.0,19559.586,0.003203,0.597172,0,Normal,1,Anomaly,False Negative (FN)
2015-01-02 20:00:00,18302.0,19624.88,0.003603,0.671775,0,Normal,1,Anomaly,False Negative (FN)
2015-01-02 20:30:00,17815.0,19196.947,0.003203,0.597172,0,Normal,1,Anomaly,False Negative (FN)
2015-01-02 21:00:00,17366.0,19000.178,0.002525,0.470771,0,Normal,1,Anomaly,False Negative (FN)
2015-01-02 21:30:00,17518.0,18678.596,0.001884,0.351327,0,Normal,1,Anomaly,False Negative (FN)
2015-01-02 22:00:00,19508.0,18300.18,0.001826,0.340504,0,Normal,1,Anomaly,False Negative (FN)
2015-01-02 22:30:00,19720.0,18040.605,0.002054,0.383024,0,Normal,1,Anomaly,False Negative (FN)
2015-01-02 23:00:00,18658.0,17892.883,0.002241,0.417814,0,Normal,1,Anomaly,False Negative (FN)
2015-01-02 23:30:00,19337.002,17918.225,0.002375,0.442939,0,Normal,1,Anomaly,False Negative (FN)
2015-01-03 00:00:00,18085.0,17809.924,0.002197,0.409696,0,Normal,1,Anomaly,False Negative (FN)
2015-01-03 00:30:00,16661.0,17480.436,0.001996,0.372201,0,Normal,1,Anomaly,False Negative (FN)
2015-01-03 01:00:00,15624.001,17063.781,0.002058,0.383797,0,Normal,1,Anomaly,False Negative (FN)
2015-01-03 01:30:00,14177.001,16265.044,0.002284,0.425931,0,Normal,1,Anomaly,False Negative (FN)
2015-01-03 02:00:00,12850.0,14976.543,0.002531,0.47193,0,Normal,1,Anomaly,False Negative (FN)
2015-01-03 02:30:00,11509.0,13212.006,0.002823,0.526433,0,Normal,1,Anomaly,False Negative (FN)
2015-01-03 03:00:00,10329.0,11144.616,0.003089,0.575911,0,Normal,1,Anomaly,False Negative (FN)
2015-01-03 03:30:00,8830.0,9251.125,0.003145,0.586348,0,Normal,1,Anomaly,False Negative (FN)
2015-01-03 04:00:00,7903.0,7983.8457,0.00308,0.574365,0,Normal,1,Anomaly,False Negative (FN)
2015-01-03 04:30:00,4497.0,6650.9946,0.003248,0.605676,0,Normal,1,Anomaly,False Negative (FN)
2015-01-03 05:00:00,3189.0002,5291.1377,0.004057,0.756429,0,Normal,1,Anomaly,False Negative (FN)
2015-01-03 05:30:00,2793.0,4052.9888,0.004529,0.844562,0,Normal,1,Anomaly,False Negative (FN)
2015-01-03 06:00:00,2810.0,3120.39,0.004324,0.806294,0,Normal,1,Anomaly,False Negative (FN)
2015-01-03 06:30:00,3696.0,2581.7524,0.003501,0.652834,0,Normal,1,Anomaly,False Negative (FN)
2015-01-03 07:00:00,3707.0,2382.2407,0.001781,0.332,0,Normal,1,Anomaly,False Negative (FN)
2015-01-03 07:30:00,4758.0,2737.9854,0.001233,0.229952,0,Normal,1,Anomaly,False Negative (FN)
2015-01-03 08:00:00,5334.0,3778.9197,0.001204,0.22454,0,Normal,1,Anomaly,False Negative (FN)
2015-01-03 08:30:00,7736.0,5788.364,0.001316,0.245413,0,Normal,1,Anomaly,False Negative (FN)
2015-01-03 09:00:00,9130.0,8586.258,0.00115,0.21449,0,Normal,1,Anomaly,False Negative (FN)
2015-01-03 09:30:00,11189.001,11547.067,0.001121,0.209078,0,Normal,1,Anomaly,False Negative (FN)
2015-01-03 10:00:00,11887.001,13748.171,0.00138,0.257396,0,Normal,1,Anomaly,False Negative (FN)
2015-01-03 10:30:00,14095.001,15405.987,0.001509,0.281362,0,Normal,1,Anomaly,False Negative (FN)
2015-01-03 11:00:00,14737.001,16484.549,0.00198,0.369109,0,Normal,1,Anomaly,False Negative (FN)
2015-01-03 11:30:00,16826.0,16566.145,0.002075,0.38689,0,Normal,1,Anomaly,False Negative (FN)
2015-01-03 12:00:00,18143.0,15982.969,0.002386,0.444872,0,Normal,1,Anomaly,False Negative (FN)
2015-01-03 12:30:00,20074.0,15407.721,0.003711,0.691876,0,Normal,1,Anomaly,False Negative (FN)
2015-01-03 13:00:00,21386.0,15003.0205,0.005736,1.069638,1,Anomaly,1,Anomaly,True Positive (TP)
2015-01-03 13:30:00,21466.0,15072.648,0.00653,1.217622,1,Anomaly,1,Anomaly,True Positive (TP)
2015-01-03 14:00:00,21367.998,15674.707,0.00691,1.288469,1,Anomaly,1,Anomaly,True Positive (TP)
2015-01-03 14:30:00,21694.998,16566.88,0.007042,1.313087,1,Anomaly,1,Anomaly,True Positive (TP)
2015-01-03 15:00:00,21529.0,17511.182,0.007008,1.306659,1,Anomaly,1,Anomaly,True Positive (TP)
2015-01-03 15:30:00,20273.0,18355.14,0.006832,1.273834,1,Anomaly,1,Anomaly,True Positive (TP)
2015-01-03 16:00:00,19355.0,19015.424,0.006708,1.250857,1,Anomaly,1,Anomaly,True Positive (TP)
2015-01-03 16:30:00,17061.0,19530.13,0.005425,1.011563,1,Anomaly,0,Normal,False Positive (FP)
2015-01-03 17:00:00,18676.002,19920.6,0.004674,0.871481,0,Normal,0,Normal,True Negative (TN)
2015-01-03 17:30:00,21073.0,20226.355,0.00398,0.74221,0,Normal,0,Normal,True Negative (TN)
2015-01-03 18:00:00,22091.0,20442.666,0.003319,0.618836,0,Normal,0,Normal,True Negative (TN)
2015-01-03 18:30:00,23099.998,20535.79,0.003054,0.569438,0,Normal,0,Normal,True Negative (TN)
2015-01-03 19:00:00,23800.998,20593.656,0.002914,0.543387,0,Normal,0,Normal,True Negative (TN)
2015-01-03 19:30:00,22393.0,20724.03,0.002991,0.557641,0,Normal,0,Normal,True Negative (TN)
2015-01-03 20:00:00,18954.0,20574.002,0.004085,0.761625,0,Normal,0,Normal,True Negative (TN)
2015-01-03 20:30:00,18005.0,19113.836,0.006233,1.16227,1,Anomaly,0,Normal,False Positive (FP)
2015-01-03 21:00:00,19333.0,16506.475,0.00717,1.336975,1,Anomaly,0,Normal,False Positive (FP)
2015-01-03 21:30:00,18891.0,15943.608,0.005616,1.04724,1,Anomaly,0,Normal,False Positive (FP)
2015-01-03 22:00:00,20259.0,16366.809,0.004356,0.812252,0,Normal,0,Normal,True Negative (TN)
2015-01-03 22:30:00,20055.0,17289.592,0.003507,0.65398,0,Normal,0,Normal,True Negative (TN)
2015-01-03 23:00:00,19787.0,18541.285,0.00267,0.49792,0,Normal,0,Normal,True Negative (TN)
2015-01-03 23:30:00,20994.998,19355.258,0.002496,0.46548,0,Normal,0,Normal,True Negative (TN)
2015-01-04 00:00:00,19613.0,19273.365,0.002399,0.447293,0,Normal,0,Normal,True Negative (TN)
2015-01-04 00:30:00,16975.0,18852.611,0.002655,0.494971,0,Normal,0,Normal,True Negative (TN)
2015-01-04 01:00:00,16541.0,18404.73,0.002813,0.524463,0,Normal,0,Normal,True Negative (TN)
2015-01-04 01:30:00,14379.0,17753.299,0.003232,0.602616,0,Normal,0,Normal,True Negative (TN)
2015-01-04 02:00:00,13089.001,16404.51,0.003407,0.635302,0,Normal,0,Normal,True Negative (TN)
2015-01-04 02:30:00,10506.0,14021.923,0.0033,0.615396,0,Normal,0,Normal,True Negative (TN)
2015-01-04 03:00:00,9216.0,10928.192,0.002457,0.458107,0,Normal,0,Normal,True Negative (TN)
2015-01-04 03:30:00,8103.0,8863.246,0.00211,0.393471,0,Normal,0,Normal,True Negative (TN)
2015-01-04 04:00:00,6823.0,7238.272,0.002195,0.4092,0,Normal,0,Normal,True Negative (TN)
2015-01-04 04:30:00,4263.0,5966.683,0.002527,0.471132,0,Normal,0,Normal,True Negative (TN)
2015-01-04 05:00:00,3025.0,4892.624,0.003357,0.625963,0,Normal,0,Normal,True Negative (TN)
2015-01-04 05:30:00,2549.0,3881.053,0.003838,0.715667,0,Normal,0,Normal,True Negative (TN)
2015-01-04 06:00:00,2605.0,3098.2205,0.003585,0.668481,0,Normal,0,Normal,True Negative (TN)
2015-01-04 06:30:00,3064.0,2617.2236,0.002703,0.504065,0,Normal,0,Normal,True Negative (TN)
2015-01-04 07:00:00,3205.0,2462.2986,0.001396,0.260267,0,Normal,0,Normal,True Negative (TN)
2015-01-04 07:30:00,4254.0,2869.3914,0.000573,0.10691,0,Normal,0,Normal,True Negative (TN)
2015-01-04 08:00:00,4897.0,4206.7964,0.000504,0.093885,0,Normal,0,Normal,True Negative (TN)
2015-01-04 08:30:00,6628.0,6512.2007,0.000493,0.091919,0,Normal,0,Normal,True Negative (TN)
2015-01-04 09:00:00,7726.0,9014.477,0.000538,0.100275,0,Normal,0,Normal,True Negative (TN)
2015-01-04 09:30:00,9284.0,11643.903,0.000797,0.14869,0,Normal,0,Normal,True Negative (TN)
2015-01-04 10:00:00,10955.001,13758.2705,0.001076,0.200546,0,Normal,0,Normal,True Negative (TN)
2015-01-04 10:30:00,13348.001,15516.721,0.001246,0.23225,0,Normal,0,Normal,True Negative (TN)
2015-01-04 11:00:00,13517.0,16620.637,0.001682,0.313598,0,Normal,0,Normal,True Negative (TN)
2015-01-04 11:30:00,14443.001,16646.258,0.001525,0.284352,0,Normal,0,Normal,True Negative (TN)
2015-01-04 12:00:00,15285.0,15832.174,0.00109,0.20325,0,Normal,0,Normal,True Negative (TN)
2015-01-04 12:30:00,16028.001,14745.781,0.000974,0.181623,0,Normal,0,Normal,True Negative (TN)
2015-01-04 13:00:00,16329.0,13941.931,0.00112,0.208902,0,Normal,0,Normal,True Negative (TN)
2015-01-04 13:30:00,15891.001,13809.181,0.001294,0.241343,0,Normal,0,Normal,True Negative (TN)
2015-01-04 14:00:00,15960.001,14083.276,0.001269,0.236674,0,Normal,0,Normal,True Negative (TN)
2015-01-04 14:30:00,16376.001,14543.524,0.001257,0.234462,0,Normal,0,Normal,True Negative (TN)
2015-01-04 15:00:00,15303.001,14986.405,0.001177,0.21947,0,Normal,0,Normal,True Negative (TN)
2015-01-04 15:30:00,16271.0,15378.307,0.001235,0.230284,0,Normal,0,Normal,True Negative (TN)
2015-01-04 16:00:00,15873.001,15716.8545,0.00133,0.247979,0,Normal,0,Normal,True Negative (TN)
2015-01-04 16:30:00,15588.0,16035.904,0.001338,0.249453,0,Normal,0,Normal,True Negative (TN)
2015-01-04 17:00:00,15471.001,16274.426,0.001206,0.224877,0,Normal,0,Normal,True Negative (TN)
2015-01-04 17:30:00,16139.0,16411.695,0.000953,0.17769,0,Normal,0,Normal,True Negative (TN)
2015-01-04 18:00:00,15862.001,16418.146,0.000681,0.127063,0,Normal,0,Normal,True Negative (TN)
2015-01-04 18:30:00,16218.0,16317.453,0.000473,0.088232,0,Normal,0,Normal,True Negative (TN)
2015-01-04 19:00:00,14093.0,16119.924,0.000443,0.08258,0,Normal,0,Normal,True Negative (TN)
2015-01-04 19:30:00,17786.0,16022.304,0.000493,0.091919,0,Normal,0,Normal,True Negative (TN)
2015-01-04 20:00:00,16079.0,16013.6,0.000473,0.088232,0,Normal,0,Normal,True Negative (TN)
2015-01-04 20:30:00,14137.0,15691.494,0.000671,0.125097,0,Normal,0,Normal,True Negative (TN)
2015-01-04 21:00:00,11407.001,14785.508,0.001103,0.205707,0,Normal,0,Normal,True Negative (TN)
2015-01-04 21:30:00,12479.0,13952.246,0.000932,0.173758,0,Normal,0,Normal,True Negative (TN)
2015-01-04 22:00:00,11317.0,13147.374,0.001081,0.201529,0,Normal,0,Normal,True Negative (TN)
2015-01-04 22:30:00,10005.0,11701.938,0.00113,0.210623,0,Normal,0,Normal,True Negative (TN)
2015-01-04 23:00:00,8802.0,9959.48,0.001364,0.254369,0,Normal,0,Normal,True Negative (TN)
2015-01-04 23:30:00,8002.0,8352.284,0.001592,0.296886,0,Normal,0,Normal,True Negative (TN)
2015-01-05 00:00:00,6669.0,7167.6294,0.001674,0.312123,0,Normal,0,Normal,True Negative (TN)
2015-01-05 00:30:00,5961.0,6073.5347,0.001536,0.286318,0,Normal,0,Normal,True Negative (TN)
2015-01-05 01:00:00,4169.0,4911.906,0.001354,0.252402,0,Normal,0,Normal,True Negative (TN)
2015-01-05 01:30:00,3365.0,3942.2212,0.001273,0.237411,0,Normal,0,Normal,True Negative (TN)
2015-01-05 02:00:00,2853.0,3274.8013,0.001181,0.220207,0,Normal,0,Normal,True Negative (TN)
2015-01-05 02:30:00,2227.0,2893.1926,0.000931,0.173512,0,Normal,0,Normal,True Negative (TN)
2015-01-05 03:00:00,1609.0,2724.5112,0.000992,0.185063,0,Normal,0,Normal,True Negative (TN)
2015-01-05 03:30:00,1697.0,2768.5083,0.000867,0.161716,0,Normal,0,Normal,True Negative (TN)
2015-01-05 04:00:00,1883.0,3006.7666,0.000829,0.154589,0,Normal,0,Normal,True Negative (TN)
2015-01-05 04:30:00,1836.9999,3431.125,0.0009,0.16786,0,Normal,0,Normal,True Negative (TN)
2015-01-05 05:00:00,2476.0,4062.526,0.001021,0.19047,0,Normal,0,Normal,True Negative (TN)
2015-01-05 05:30:00,4040.0,4881.262,0.000987,0.18408,0,Normal,0,Normal,True Negative (TN)
2015-01-05 06:00:00,6431.0005,6034.005,0.000983,0.183343,0,Normal,0,Normal,True Negative (TN)
2015-01-05 06:30:00,10496.0,7674.641,0.001145,0.213572,0,Normal,0,Normal,True Negative (TN)
2015-01-05 07:00:00,13610.001,10117.479,0.001554,0.289759,0,Normal,0,Normal,True Negative (TN)
2015-01-05 07:30:00,16277.001,11948.742,0.002036,0.379708,0,Normal,0,Normal,True Negative (TN)
2015-01-05 08:00:00,17760.002,13431.045,0.00247,0.460564,0,Normal,0,Normal,True Negative (TN)
2015-01-05 08:30:00,18026.0,14250.706,0.002494,0.464988,0,Normal,0,Normal,True Negative (TN)
2015-01-05 09:00:00,16706.0,14588.552,0.001732,0.322937,0,Normal,0,Normal,True Negative (TN)
2015-01-05 09:30:00,14662.001,14380.088,0.001248,0.232741,0,Normal,0,Normal,True Negative (TN)
2015-01-05 10:00:00,13070.0,14116.178,0.000883,0.164665,0,Normal,0,Normal,True Negative (TN)
2015-01-05 10:30:00,13459.0,14101.404,0.000679,0.126571,0,Normal,0,Normal,True Negative (TN)
2015-01-05 11:00:00,13218.001,14335.424,0.000655,0.122148,0,Normal,0,Normal,True Negative (TN)
2015-01-05 11:30:00,13909.0,14599.748,0.00075,0.139843,0,Normal,0,Normal,True Negative (TN)
2015-01-05 12:00:00,14379.0,14796.04,0.000845,0.157538,0,Normal,0,Normal,True Negative (TN)
2015-01-05 12:30:00,14113.001,14931.451,0.000996,0.185801,0,Normal,0,Normal,True Negative (TN)
2015-01-05 13:00:00,13982.0,15083.78,0.00107,0.199563,0,Normal,0,Normal,True Negative (TN)
2015-01-05 13:30:00,14514.0,15216.857,0.001064,0.198334,0,Normal,0,Normal,True Negative (TN)
2015-01-05 14:00:00,15268.0,15283.501,0.001047,0.19514,0,Normal,0,Normal,True Negative (TN)
2015-01-05 14:30:00,16675.0,15269.782,0.001157,0.215784,0,Normal,0,Normal,True Negative (TN)
2015-01-05 15:00:00,17423.0,15188.101,0.001442,0.268869,0,Normal,0,Normal,True Negative (TN)
2015-01-05 15:30:00,16521.0,15067.927,0.001754,0.327115,0,Normal,0,Normal,True Negative (TN)
2015-01-05 16:00:00,15352.001,14966.518,0.002166,0.403793,0,Normal,0,Normal,True Negative (TN)
2015-01-05 16:30:00,14644.001,14901.696,0.002577,0.480471,0,Normal,0,Normal,True Negative (TN)
2015-01-05 17:00:00,17059.0,15095.274,0.002759,0.514387,0,Normal,0,Normal,True Negative (TN)
2015-01-05 17:30:00,19269.0,16826.498,0.002726,0.508243,0,Normal,0,Normal,True Negative (TN)
2015-01-05 18:00:00,21361.0,19112.338,0.002715,0.506276,0,Normal,0,Normal,True Negative (TN)
2015-01-05 18:30:00,21906.0,20488.08,0.00264,0.492268,0,Normal,0,Normal,True Negative (TN)
2015-01-05 19:00:00,21993.998,21240.008,0.002664,0.496692,0,Normal,0,Normal,True Negative (TN)
2015-01-05 19:30:00,20678.0,21476.264,0.002842,0.52987,0,Normal,0,Normal,True Negative (TN)
2015-01-05 20:00:00,19248.0,21315.691,0.00307,0.572387,0,Normal,0,Normal,True Negative (TN)
2015-01-05 20:30:00,17546.0,20814.322,0.003216,0.599667,0,Normal,0,Normal,True Negative (TN)
2015-01-05 21:00:00,17201.0,20115.465,0.003064,0.571404,0,Normal,0,Normal,True Negative (TN)
2015-01-05 21:30:00,15830.0,19187.15,0.003086,0.575336,0,Normal,0,Normal,True Negative (TN)
2015-01-05 22:00:00,14238.001,17976.58,0.003246,0.605319,0,Normal,0,Normal,True Negative (TN)
2015-01-05 22:30:00,13120.001,14590.598,0.002135,0.39814,0,Normal,0,Normal,True Negative (TN)
2015-01-05 23:00:00,11660.001,11936.107,0.001459,0.272064,0,Normal,0,Normal,True Negative (TN)
2015-01-05 23:30:00,9741.001,9720.97,0.001177,0.21947,0,Normal,0,Normal,True Negative (TN)
2015-01-06 00:00:00,7969.0,7656.2734,0.001006,0.187521,0,Normal,0,Normal,True Negative (TN)
2015-01-06 00:30:00,6005.0005,5931.3066,0.001074,0.200301,0,Normal,0,Normal,True Negative (TN)
2015-01-06 01:00:00,4592.0,4612.6206,0.001267,0.236182,0,Normal,0,Normal,True Negative (TN)
2015-01-06 01:30:00,3487.0,3612.2493,0.001375,0.256335,0,Normal,0,Normal,True Negative (TN)
2015-01-06 02:00:00,2856.0,2853.5886,0.001393,0.259775,0,Normal,0,Normal,True Negative (TN)
2015-01-06 02:30:00,2238.0,2293.0437,0.00128,0.23864,0,Normal,0,Normal,True Negative (TN)
2015-01-06 03:00:00,1689.0,1942.698,0.001147,0.213818,0,Normal,0,Normal,True Negative (TN)
2015-01-06 03:30:00,1602.0,1854.9753,0.001211,0.22586,0,Normal,0,Normal,True Negative (TN)
2015-01-06 04:00:00,1774.0,2158.28,0.00121,0.225614,0,Normal,0,Normal,True Negative (TN)
2015-01-06 04:30:00,1721.0,3100.164,0.00105,0.195877,0,Normal,0,Normal,True Negative (TN)
2015-01-06 05:00:00,2118.0,4369.4736,0.001256,0.234216,0,Normal,0,Normal,True Negative (TN)
2015-01-06 05:30:00,4101.0,5825.4863,0.001368,0.255106,0,Normal,0,Normal,True Negative (TN)
2015-01-06 06:00:00,6266.0,7401.384,0.001155,0.215292,0,Normal,0,Normal,True Negative (TN)
2015-01-06 06:30:00,11168.001,9626.364,0.000875,0.16319,0,Normal,0,Normal,True Negative (TN)
2015-01-06 07:00:00,13976.001,12171.225,0.000602,0.112317,0,Normal,0,Normal,True Negative (TN)
2015-01-06 07:30:00,18081.0,14728.091,0.000813,0.151639,0,Normal,0,Normal,True Negative (TN)
2015-01-06 08:00:00,19819.0,16551.812,0.001076,0.200546,0,Normal,0,Normal,True Negative (TN)
2015-01-06 08:30:00,20102.0,17401.273,0.001185,0.220945,0,Normal,0,Normal,True Negative (TN)
2015-01-06 09:00:00,18237.0,17107.46,0.001127,0.210131,0,Normal,0,Normal,True Negative (TN)
2015-01-06 09:30:00,16472.0,16369.092,0.000875,0.16319,0,Normal,0,Normal,True Negative (TN)
2015-01-06 10:00:00,14510.0,15444.91,0.000619,0.115512,0,Normal,0,Normal,True Negative (TN)
2015-01-06 10:30:00,14365.0,14995.2295,0.000629,0.117232,0,Normal,0,Normal,True Negative (TN)
2015-01-06 11:00:00,13611.0,15211.428,0.000859,0.160241,0,Normal,0,Normal,True Negative (TN)
2015-01-06 11:30:00,14729.001,15626.841,0.00109,0.20325,0,Normal,0,Normal,True Negative (TN)
2015-01-06 12:00:00,15072.0,15926.844,0.001311,0.244538,0,Normal,0,Normal,True Negative (TN)
2015-01-06 12:30:00,14628.0,16091.701,0.001528,0.284843,0,Normal,0,Normal,True Negative (TN)
2015-01-06 13:00:00,14069.0,16181.305,0.001771,0.33031,0,Normal,0,Normal,True Negative (TN)
2015-01-06 13:30:00,14987.0,16245.223,0.001783,0.332521,0,Normal,0,Normal,True Negative (TN)
2015-01-06 14:00:00,15176.001,16233.771,0.001723,0.321216,0,Normal,0,Normal,True Negative (TN)
2015-01-06 14:30:00,16884.0,16127.437,0.001633,0.304504,0,Normal,0,Normal,True Negative (TN)
2015-01-06 15:00:00,17055.0,15921.832,0.001623,0.302538,0,Normal,0,Normal,True Negative (TN)
2015-01-06 15:30:00,16238.0,15668.776,0.001707,0.318267,0,Normal,0,Normal,True Negative (TN)
2015-01-06 16:00:00,14566.0,15439.682,0.002085,0.388801,0,Normal,0,Normal,True Negative (TN)
2015-01-06 16:30:00,14604.001,15192.463,0.002747,0.512175,0,Normal,0,Normal,True Negative (TN)
2015-01-06 17:00:00,16314.001,14658.844,0.003205,0.597701,0,Normal,0,Normal,True Negative (TN)
2015-01-06 17:30:00,18758.0,16185.224,0.003857,0.719108,0,Normal,0,Normal,True Negative (TN)
2015-01-06 18:00:00,21578.998,19450.068,0.003432,0.639972,0,Normal,0,Normal,True Negative (TN)
2015-01-06 18:30:00,22499.998,21247.432,0.002615,0.487598,0,Normal,0,Normal,True Negative (TN)
2015-01-06 19:00:00,21919.998,22208.945,0.002097,0.391013,0,Normal,0,Normal,True Negative (TN)
2015-01-06 19:30:00,20787.998,22414.041,0.002313,0.431319,0,Normal,0,Normal,True Negative (TN)
2015-01-06 20:00:00,20460.998,22207.47,0.002409,0.449259,0,Normal,0,Normal,True Negative (TN)
2015-01-06 20:30:00,19640.0,21676.531,0.002101,0.391751,0,Normal,0,Normal,True Negative (TN)
2015-01-06 21:00:00,19580.0,21091.873,0.001839,0.342844,0,Normal,0,Normal,True Negative (TN)
2015-01-06 21:30:00,19424.002,20445.055,0.001579,0.294428,0,Normal,0,Normal,True Negative (TN)
2015-01-06 22:00:00,17170.0,19796.104,0.001753,0.326869,0,Normal,0,Normal,True Negative (TN)
2015-01-06 22:30:00,14955.001,18583.545,0.002035,0.379462,0,Normal,0,Normal,True Negative (TN)
2015-01-06 23:00:00,12934.001,14977.197,0.001542,0.287547,0,Normal,0,Normal,True Negative (TN)
2015-01-06 23:30:00,11087.001,12135.107,0.001182,0.220453,0,Normal,0,Normal,True Negative (TN)
2015-01-07 00:00:00,8357.0,9291.775,0.000875,0.16319,0,Normal,0,Normal,True Negative (TN)
2015-01-07 00:30:00,6788.0,6984.474,0.000751,0.140088,0,Normal,0,Normal,True Negative (TN)
2015-01-07 01:00:00,5378.0005,5312.3096,0.00092,0.171546,0,Normal,0,Normal,True Negative (TN)
2015-01-07 01:30:00,3888.9998,4080.406,0.001006,0.187521,0,Normal,0,Normal,True Negative (TN)
2015-01-07 02:00:00,3068.0,3154.3577,0.001116,0.208165,0,Normal,0,Normal,True Negative (TN)
2015-01-07 02:30:00,2406.0,2438.8738,0.000999,0.186292,0,Normal,0,Normal,True Negative (TN)
2015-01-07 03:00:00,2025.0,1936.004,0.000966,0.180148,0,Normal,0,Normal,True Negative (TN)
2015-01-07 03:30:00,1739.0,1666.3746,0.001077,0.200792,0,Normal,0,Normal,True Negative (TN)
2015-01-07 04:00:00,1897.0,1747.1927,0.000991,0.184817,0,Normal,0,Normal,True Negative (TN)
2015-01-07 04:30:00,1820.0,2425.689,0.000681,0.127063,0,Normal,0,Normal,True Negative (TN)
2015-01-07 05:00:00,2039.0,3710.1147,0.000585,0.109122,0,Normal,0,Normal,True Negative (TN)
2015-01-07 05:30:00,3857.0,5377.5415,0.000647,0.120673,0,Normal,0,Normal,True Negative (TN)
2015-01-07 06:00:00,6280.0,7253.8228,0.000529,0.098554,0,Normal,0,Normal,True Negative (TN)
2015-01-07 06:30:00,11280.001,9841.648,0.000333,0.062181,0,Normal,0,Normal,True Negative (TN)
2015-01-07 07:00:00,14586.001,12915.014,0.000282,0.052597,0,Normal,0,Normal,True Negative (TN)
2015-01-07 07:30:00,18374.0,15848.652,0.00043,0.080122,0,Normal,0,Normal,True Negative (TN)
2015-01-07 08:00:00,20307.0,17834.262,0.00054,0.100766,0,Normal,0,Normal,True Negative (TN)
2015-01-07 08:30:00,21113.0,18787.916,0.000619,0.115512,0,Normal,0,Normal,True Negative (TN)
2015-01-07 09:00:00,19286.998,18608.5,0.000612,0.114037,0,Normal,0,Normal,True Negative (TN)
2015-01-07 09:30:00,17966.0,17646.879,0.000616,0.114775,0,Normal,0,Normal,True Negative (TN)
2015-01-07 10:00:00,15690.001,16350.903,0.000507,0.094622,0,Normal,0,Normal,True Negative (TN)
2015-01-07 10:30:00,16091.0,15572.479,0.000559,0.104207,0,Normal,0,Normal,True Negative (TN)
2015-01-07 11:00:00,14981.001,15723.848,0.000692,0.129029,0,Normal,0,Normal,True Negative (TN)
2015-01-07 11:30:00,16906.0,16272.34,0.000824,0.153605,0,Normal,0,Normal,True Negative (TN)
2015-01-07 12:00:00,16648.0,16775.225,0.000824,0.153605,0,Normal,0,Normal,True Negative (TN)
2015-01-07 12:30:00,16826.0,17115.04,0.000878,0.163682,0,Normal,0,Normal,True Negative (TN)
2015-01-07 13:00:00,16379.0,17328.662,0.000974,0.181623,0,Normal,0,Normal,True Negative (TN)
2015-01-07 13:30:00,17457.0,17496.332,0.00096,0.178919,0,Normal,0,Normal,True Negative (TN)
2015-01-07 14:00:00,17335.0,17593.977,0.000928,0.173021,0,Normal,0,Normal,True Negative (TN)
2015-01-07 14:30:00,18690.0,17598.148,0.000945,0.176216,0,Normal,0,Normal,True Negative (TN)
2015-01-07 15:00:00,19029.0,17478.02,0.001065,0.19858,0,Normal,0,Normal,True Negative (TN)
2015-01-07 15:30:00,17234.0,17245.969,0.001157,0.215784,0,Normal,0,Normal,True Negative (TN)
2015-01-07 16:00:00,16505.0,17033.361,0.001451,0.270589,0,Normal,0,Normal,True Negative (TN)
2015-01-07 16:30:00,15509.0,16892.816,0.002118,0.394945,0,Normal,0,Normal,True Negative (TN)
2015-01-07 17:00:00,17873.0,16429.457,0.002574,0.47998,0,Normal,0,Normal,True Negative (TN)
2015-01-07 17:30:00,21871.0,17813.967,0.004365,0.813973,0,Normal,0,Normal,True Negative (TN)
2015-01-07 18:00:00,24019.0,21022.445,0.004666,0.870007,0,Normal,0,Normal,True Negative (TN)
2015-01-07 18:30:00,24964.998,23027.635,0.003971,0.740489,0,Normal,0,Normal,True Negative (TN)
2015-01-07 19:00:00,25707.998,24035.807,0.003212,0.598929,0,Normal,0,Normal,True Negative (TN)
2015-01-07 19:30:00,24870.998,24379.889,0.002809,0.523726,0,Normal,0,Normal,True Negative (TN)
2015-01-07 20:00:00,23732.0,24329.03,0.002571,0.479488,0,Normal,0,Normal,True Negative (TN)
2015-01-07 20:30:00,22463.0,23818.63,0.002362,0.440412,0,Normal,0,Normal,True Negative (TN)
2015-01-07 21:00:00,23141.998,23049.074,0.002481,0.462531,0,Normal,0,Normal,True Negative (TN)
2015-01-07 21:30:00,22369.0,22617.875,0.002673,0.498412,0,Normal,0,Normal,True Negative (TN)
2015-01-07 22:00:00,21904.0,22376.854,0.002586,0.482192,0,Normal,0,Normal,True Negative (TN)
2015-01-07 22:30:00,18610.0,20051.928,0.002524,0.470641,0,Normal,0,Normal,True Negative (TN)
2015-01-07 23:00:00,15262.0,17453.766,0.002562,0.477768,0,Normal,0,Normal,True Negative (TN)
2015-01-07 23:30:00,12490.001,13651.739,0.002251,0.419768,0,Normal,0,Normal,True Negative (TN)
2015-01-08 00:00:00,9843.0,10265.39,0.002057,0.38364,0,Normal,0,Normal,True Negative (TN)
2015-01-08 00:30:00,7477.0,7765.63,0.001947,0.362996,0,Normal,0,Normal,True Negative (TN)
2015-01-08 01:00:00,5697.0,5953.299,0.001945,0.36275,0,Normal,0,Normal,True Negative (TN)
2015-01-08 01:30:00,4327.0,4599.72,0.00179,0.33375,0,Normal,0,Normal,True Negative (TN)
2015-01-08 02:00:00,3405.0,3595.5051,0.001782,0.332276,0,Normal,0,Normal,True Negative (TN)
2015-01-08 02:30:00,2739.0,2813.9717,0.001731,0.322691,0,Normal,0,Normal,True Negative (TN)
2015-01-08 03:00:00,2066.0,2218.8508,0.00177,0.330064,0,Normal,0,Normal,True Negative (TN)
2015-01-08 03:30:00,2013.0,1914.617,0.00196,0.365454,0,Normal,0,Normal,True Negative (TN)
2015-01-08 04:00:00,1975.0,2025.3473,0.001819,0.339157,0,Normal,0,Normal,True Negative (TN)
2015-01-08 04:30:00,1760.0,2854.2764,0.000949,0.176953,0,Normal,0,Normal,True Negative (TN)
2015-01-08 05:00:00,2033.0,4225.688,0.000617,0.115021,0,Normal,0,Normal,True Negative (TN)
2015-01-08 05:30:00,4164.0,5798.1265,0.000718,0.133944,0,Normal,0,Normal,True Negative (TN)
2015-01-08 06:00:00,6627.0,7848.649,0.000763,0.1423,0,Normal,0,Normal,True Negative (TN)
2015-01-08 06:30:00,12142.001,10901.82,0.000766,0.142792,0,Normal,0,Normal,True Negative (TN)
2015-01-08 07:00:00,15873.001,14447.358,0.000627,0.116987,0,Normal,0,Normal,True Negative (TN)
2015-01-08 07:30:00,20194.0,17553.803,0.000646,0.120427,0,Normal,0,Normal,True Negative (TN)
2015-01-08 08:00:00,21890.998,19463.33,0.000629,0.117232,0,Normal,0,Normal,True Negative (TN)
2015-01-08 08:30:00,22117.0,20362.959,0.000585,0.109122,0,Normal,0,Normal,True Negative (TN)
2015-01-08 09:00:00,20434.998,20224.387,0.000543,0.101258,0,Normal,0,Normal,True Negative (TN)
2015-01-08 09:30:00,19472.0,19466.404,0.000688,0.128292,0,Normal,0,Normal,True Negative (TN)
2015-01-08 10:00:00,17256.0,18041.691,0.000498,0.092902,0,Normal,0,Normal,True Negative (TN)
2015-01-08 10:30:00,17401.0,16669.357,0.0005,0.093148,0,Normal,0,Normal,True Negative (TN)
2015-01-08 11:00:00,15595.001,16607.957,0.000747,0.139351,0,Normal,0,Normal,True Negative (TN)
2015-01-08 11:30:00,17559.002,17212.635,0.000919,0.1713,0,Normal,0,Normal,True Negative (TN)
2015-01-08 12:00:00,17823.0,17774.78,0.000963,0.179656,0,Normal,0,Normal,True Negative (TN)
2015-01-08 12:30:00,16634.0,18123.822,0.001064,0.198334,0,Normal,0,Normal,True Negative (TN)
2015-01-08 13:00:00,16523.0,18308.273,0.001227,0.228809,0,Normal,0,Normal,True Negative (TN)
2015-01-08 13:30:00,17209.0,18402.008,0.001305,0.243309,0,Normal,0,Normal,True Negative (TN)
2015-01-08 14:00:00,17438.0,18409.297,0.001331,0.248225,0,Normal,0,Normal,True Negative (TN)
2015-01-08 14:30:00,19800.998,18324.719,0.001391,0.259284,0,Normal,0,Normal,True Negative (TN)
2015-01-08 15:00:00,20241.0,18118.496,0.001546,0.288284,0,Normal,0,Normal,True Negative (TN)
2015-01-08 15:30:00,18535.002,17815.467,0.001641,0.305979,0,Normal,0,Normal,True Negative (TN)
2015-01-08 16:00:00,16573.0,17561.342,0.001963,0.365945,0,Normal,0,Normal,True Negative (TN)
2015-01-08 16:30:00,15095.001,17365.848,0.002839,0.529378,0,Normal,0,Normal,True Negative (TN)
2015-01-08 17:00:00,17871.0,16374.538,0.003934,0.733608,0,Normal,0,Normal,True Negative (TN)
2015-01-08 17:30:00,21606.0,18297.443,0.006799,1.267701,1,Anomaly,0,Normal,False Positive (FP)
2015-01-08 18:00:00,24070.998,22335.74,0.005992,1.117314,1,Anomaly,0,Normal,False Positive (FP)
2015-01-08 18:30:00,25176.0,24171.559,0.004889,0.911541,0,Normal,0,Normal,True Negative (TN)
2015-01-08 19:00:00,25591.998,24948.69,0.003685,0.687159,0,Normal,0,Normal,True Negative (TN)
2015-01-08 19:30:00,25125.0,25144.557,0.003178,0.59254,0,Normal,0,Normal,True Negative (TN)
2015-01-08 20:00:00,24583.998,25053.053,0.00278,0.518319,0,Normal,0,Normal,True Negative (TN)
2015-01-08 20:30:00,23692.0,24648.982,0.00238,0.443852,0,Normal,0,Normal,True Negative (TN)
2015-01-08 21:00:00,23593.0,23938.184,0.002338,0.435988,0,Normal,0,Normal,True Negative (TN)
2015-01-08 21:30:00,23676.0,23345.422,0.002752,0.513158,0,Normal,0,Normal,True Negative (TN)
2015-01-08 22:00:00,23367.0,23477.395,0.002996,0.558624,0,Normal,0,Normal,True Negative (TN)
2015-01-08 22:30:00,21951.998,21874.846,0.003014,0.562065,0,Normal,0,Normal,True Negative (TN)
2015-01-08 23:00:00,19331.0,20138.219,0.002772,0.516844,0,Normal,0,Normal,True Negative (TN)
2015-01-08 23:30:00,15847.0,17291.262,0.002747,0.512175,0,Normal,0,Normal,True Negative (TN)
2015-01-09 00:00:00,13156.001,13658.19,0.002425,0.452208,0,Normal,0,Normal,True Negative (TN)
2015-01-09 00:30:00,10295.0,10605.92,0.00232,0.432547,0,Normal,0,Normal,True Negative (TN)
2015-01-09 01:00:00,8080.0,8180.6724,0.002202,0.410674,0,Normal,0,Normal,True Negative (TN)
2015-01-09 01:30:00,6041.0,6246.23,0.001992,0.371352,0,Normal,0,Normal,True Negative (TN)
2015-01-09 02:00:00,5180.0,4815.72,0.001877,0.349971,0,Normal,0,Normal,True Negative (TN)
2015-01-09 02:30:00,3992.0,3751.5447,0.001642,0.306225,0,Normal,0,Normal,True Negative (TN)
2015-01-09 03:00:00,3359.0002,2972.9324,0.00157,0.292708,0,Normal,0,Normal,True Negative (TN)
2015-01-09 03:30:00,2808.0,2456.9055,0.001865,0.347759,0,Normal,0,Normal,True Negative (TN)
2015-01-09 04:00:00,2703.0,2328.776,0.001847,0.344318,0,Normal,0,Normal,True Negative (TN)
2015-01-09 04:30:00,2176.0,2801.8977,0.000855,0.159504,0,Normal,0,Normal,True Negative (TN)
2015-01-09 05:00:00,2434.0,3878.1782,0.000444,0.082825,0,Normal,0,Normal,True Negative (TN)
2015-01-09 05:30:00,4092.0,5305.3833,0.000533,0.099292,0,Normal,0,Normal,True Negative (TN)
2015-01-09 06:00:00,6053.0,7121.981,0.000585,0.109122,0,Normal,0,Normal,True Negative (TN)
2015-01-09 06:30:00,11326.001,9940.357,0.00058,0.108139,0,Normal,0,Normal,True Negative (TN)
2015-01-09 07:00:00,13826.0,13322.177,0.00048,0.089461,0,Normal,0,Normal,True Negative (TN)
2015-01-09 07:30:00,15011.001,16335.949,0.000468,0.087249,0,Normal,0,Normal,True Negative (TN)
2015-01-09 08:00:00,15124.001,18349.963,0.000817,0.152377,0,Normal,0,Normal,True Negative (TN)
2015-01-09 08:30:00,15755.0,19467.658,0.001433,0.267148,0,Normal,0,Normal,True Negative (TN)
2015-01-09 09:00:00,16110.0,19760.467,0.002072,0.386344,0,Normal,0,Normal,True Negative (TN)
2015-01-09 09:30:00,16271.0,19163.955,0.002249,0.419276,0,Normal,0,Normal,True Negative (TN)
2015-01-09 10:00:00,15323.001,17734.254,0.001802,0.335962,0,Normal,0,Normal,True Negative (TN)
2015-01-09 10:30:00,15421.001,15853.3,0.001252,0.233479,0,Normal,0,Normal,True Negative (TN)
2015-01-09 11:00:00,14604.001,14836.301,0.000957,0.178428,0,Normal,0,Normal,True Negative (TN)
2015-01-09 11:30:00,15840.0,15078.402,0.000925,0.172529,0,Normal,0,Normal,True Negative (TN)
2015-01-09 12:00:00,15962.001,15471.113,0.000746,0.139105,0,Normal,0,Normal,True Negative (TN)
2015-01-09 12:30:00,15948.0,15754.372,0.000577,0.107648,0,Normal,0,Normal,True Negative (TN)
2015-01-09 13:00:00,16283.001,15980.021,0.000485,0.090444,0,Normal,0,Normal,True Negative (TN)
2015-01-09 13:30:00,16502.002,16199.385,0.000473,0.088232,0,Normal,0,Normal,True Negative (TN)
2015-01-09 14:00:00,17377.0,16384.678,0.000552,0.102978,0,Normal,0,Normal,True Negative (TN)
2015-01-09 14:30:00,18858.0,16544.463,0.000863,0.160978,0,Normal,0,Normal,True Negative (TN)
2015-01-09 15:00:00,18338.0,16622.65,0.001116,0.208165,0,Normal,0,Normal,True Negative (TN)
2015-01-09 15:30:00,17567.0,16621.99,0.001296,0.241589,0,Normal,0,Normal,True Negative (TN)
2015-01-09 16:00:00,15857.0,16569.03,0.001537,0.286564,0,Normal,0,Normal,True Negative (TN)
2015-01-09 16:30:00,15069.001,16562.04,0.001756,0.32736,0,Normal,0,Normal,True Negative (TN)
2015-01-09 17:00:00,18144.0,16804.256,0.001605,0.299343,0,Normal,0,Normal,True Negative (TN)
2015-01-09 17:30:00,21769.998,17648.404,0.001911,0.356361,0,Normal,0,Normal,True Negative (TN)
2015-01-09 18:00:00,24650.998,19463.81,0.002906,0.541912,0,Normal,0,Normal,True Negative (TN)
2015-01-09 18:30:00,26480.0,21007.418,0.004506,0.840269,0,Normal,0,Normal,True Negative (TN)
2015-01-09 19:00:00,27443.0,22048.008,0.005621,1.0482,1,Anomaly,0,Normal,False Positive (FP)
2015-01-09 19:30:00,27675.998,22753.684,0.005891,1.098435,1,Anomaly,0,Normal,False Positive (FP)
2015-01-09 20:00:00,25589.0,23231.125,0.005567,1.037961,1,Anomaly,0,Normal,False Positive (FP)
2015-01-09 20:30:00,23761.0,23389.625,0.005306,0.989448,0,Normal,0,Normal,True Negative (TN)
2015-01-09 21:00:00,23882.0,23338.557,0.00548,1.021802,1,Anomaly,0,Normal,False Positive (FP)
2015-01-09 21:30:00,23922.0,23134.266,0.005313,0.990677,0,Normal,0,Normal,True Negative (TN)
2015-01-09 22:00:00,24901.0,23522.215,0.004572,0.852558,0,Normal,0,Normal,True Negative (TN)
2015-01-09 22:30:00,25440.0,22881.943,0.003843,0.71665,0,Normal,0,Normal,True Negative (TN)
2015-01-09 23:00:00,25305.998,22111.236,0.003265,0.60876,0,Normal,0,Normal,True Negative (TN)
2015-01-09 23:30:00,25133.0,21248.854,0.002819,0.525692,0,Normal,0,Normal,True Negative (TN)
2015-01-10 00:00:00,24251.0,20239.623,0.002585,0.481946,0,Normal,0,Normal,True Negative (TN)
2015-01-10 00:30:00,22329.998,19065.564,0.002527,0.471132,0,Normal,0,Normal,True Negative (TN)
2015-01-10 01:00:00,19918.0,17655.38,0.002444,0.455649,0,Normal,0,Normal,True Negative (TN)
2015-01-10 01:30:00,17922.0,16019.412,0.002311,0.430827,0,Normal,0,Normal,True Negative (TN)
2015-01-10 02:00:00,16425.0,14116.66,0.002495,0.465234,0,Normal,0,Normal,True Negative (TN)
2015-01-10 02:30:00,13977.0,11881.851,0.002954,0.55076,0,Normal,0,Normal,True Negative (TN)
2015-01-10 03:00:00,11797.0,9678.301,0.003631,0.677082,0,Normal,0,Normal,True Negative (TN)
2015-01-10 03:30:00,10171.0,7689.663,0.004257,0.79382,0,Normal,0,Normal,True Negative (TN)
2015-01-10 04:00:00,8666.0,6201.006,0.004,0.745896,0,Normal,0,Normal,True Negative (TN)
2015-01-10 04:30:00,4721.0,5319.618,0.002516,0.469166,0,Normal,0,Normal,True Negative (TN)
2015-01-10 05:00:00,3390.0002,4884.206,0.002191,0.408462,0,Normal,0,Normal,True Negative (TN)
2015-01-10 05:30:00,2905.0,4593.6577,0.00274,0.510946,0,Normal,0,Normal,True Negative (TN)
2015-01-10 06:00:00,3265.0,4362.3125,0.00306,0.570667,0,Normal,0,Normal,True Negative (TN)
2015-01-10 06:30:00,4249.0,4306.544,0.00272,0.50726,0,Normal,0,Normal,True Negative (TN)
2015-01-10 07:00:00,5058.0005,4611.2524,0.001931,0.360047,0,Normal,0,Normal,True Negative (TN)
2015-01-10 07:30:00,6975.9995,5678.5186,0.001011,0.188504,0,Normal,0,Normal,True Negative (TN)
2015-01-10 08:00:00,7425.0,7804.467,0.000677,0.126326,0,Normal,0,Normal,True Negative (TN)
2015-01-10 08:30:00,11024.0,10875.76,0.000635,0.118461,0,Normal,0,Normal,True Negative (TN)
2015-01-10 09:00:00,13013.001,13908.518,0.000645,0.120182,0,Normal,0,Normal,True Negative (TN)
2015-01-10 09:30:00,16327.0,16509.09,0.000704,0.131241,0,Normal,0,Normal,True Negative (TN)
2015-01-10 10:00:00,16385.0,18175.64,0.000884,0.164911,0,Normal,0,Normal,True Negative (TN)
2015-01-10 10:30:00,18820.0,19078.838,0.000863,0.160978,0,Normal,0,Normal,True Negative (TN)
2015-01-10 11:00:00,19868.0,19405.637,0.000858,0.159995,0,Normal,0,Normal,True Negative (TN)
2015-01-10 11:30:00,22503.0,19083.387,0.001272,0.237165,0,Normal,0,Normal,True Negative (TN)
2015-01-10 12:00:00,22723.998,18766.412,0.001992,0.371352,0,Normal,0,Normal,True Negative (TN)
2015-01-10 12:30:00,23856.0,19205.193,0.002415,0.450242,0,Normal,0,Normal,True Negative (TN)
2015-01-10 13:00:00,23073.0,18790.85,0.002855,0.532327,0,Normal,0,Normal,True Negative (TN)
2015-01-10 13:30:00,22491.998,18598.314,0.003665,0.683472,0,Normal,0,Normal,True Negative (TN)
2015-01-10 14:00:00,21336.0,19150.812,0.003826,0.713455,0,Normal,0,Normal,True Negative (TN)
2015-01-10 14:30:00,22370.998,19949.582,0.003617,0.674379,0,Normal,0,Normal,True Negative (TN)
2015-01-10 15:00:00,23119.0,20576.166,0.003456,0.644396,0,Normal,0,Normal,True Negative (TN)
2015-01-10 15:30:00,23941.0,20987.47,0.003687,0.687404,0,Normal,0,Normal,True Negative (TN)
2015-01-10 16:00:00,22727.998,21246.883,0.003739,0.697235,0,Normal,0,Normal,True Negative (TN)
2015-01-10 16:30:00,20126.0,21493.68,0.003271,0.609989,0,Normal,0,Normal,True Negative (TN)
2015-01-10 17:00:00,21139.0,21692.795,0.00266,0.495954,0,Normal,0,Normal,True Negative (TN)
2015-01-10 17:30:00,24417.0,21833.367,0.002445,0.455895,0,Normal,0,Normal,True Negative (TN)
2015-01-10 18:00:00,26639.0,21876.834,0.003199,0.596472,0,Normal,0,Normal,True Negative (TN)
2015-01-10 18:30:00,26907.0,21992.277,0.003978,0.741718,0,Normal,0,Normal,True Negative (TN)
2015-01-10 19:00:00,28043.0,21520.605,0.006516,1.215065,1,Anomaly,0,Normal,False Positive (FP)
2015-01-10 19:30:00,26853.0,21202.678,0.012353,2.303452,1,Anomaly,0,Normal,False Positive (FP)
2015-01-10 20:00:00,27982.998,21861.701,0.008753,1.63215,1,Anomaly,0,Normal,False Positive (FP)
2015-01-10 20:30:00,24554.998,23618.365,0.005776,1.076997,1,Anomaly,0,Normal,False Positive (FP)
2015-01-10 21:00:00,23596.0,24703.488,0.004156,0.774896,0,Normal,0,Normal,True Negative (TN)
2015-01-10 21:30:00,24947.0,24935.26,0.003704,0.690599,0,Normal,0,Normal,True Negative (TN)
2015-01-10 22:00:00,26084.998,25184.398,0.002997,0.55887,0,Normal,0,Normal,True Negative (TN)
2015-01-10 22:30:00,27646.0,25245.615,0.002942,0.548548,0,Normal,0,Normal,True Negative (TN)
2015-01-10 23:00:00,28301.0,25380.781,0.002916,0.543633,0,Normal,0,Normal,True Negative (TN)
2015-01-10 23:30:00,28400.998,25300.898,0.002968,0.553463,0,Normal,0,Normal,True Negative (TN)
2015-01-11 00:00:00,26652.998,25058.777,0.002666,0.497183,0,Normal,0,Normal,True Negative (TN)
2015-01-11 00:30:00,24790.0,24314.299,0.002329,0.434268,0,Normal,0,Normal,True Negative (TN)
2015-01-11 01:00:00,23141.0,23288.502,0.002187,0.407725,0,Normal,0,Normal,True Negative (TN)
2015-01-11 01:30:00,20654.0,21894.615,0.002222,0.414361,0,Normal,0,Normal,True Negative (TN)
2015-01-11 02:00:00,19179.0,20374.924,0.002255,0.420505,0,Normal,0,Normal,True Negative (TN)
2015-01-11 02:30:00,16879.0,18306.398,0.002287,0.426403,0,Normal,0,Normal,True Negative (TN)
2015-01-11 03:00:00,14597.0,15602.877,0.002282,0.42542,0,Normal,0,Normal,True Negative (TN)
2015-01-11 03:30:00,12394.0,12536.085,0.002275,0.424191,0,Normal,0,Normal,True Negative (TN)
2015-01-11 04:00:00,9787.0,9688.279,0.002506,0.4672,0,Normal,0,Normal,True Negative (TN)
2015-01-11 04:30:00,5859.0005,7229.0903,0.002524,0.470641,0,Normal,0,Normal,True Negative (TN)
2015-01-11 05:00:00,3682.0,5372.698,0.002687,0.501115,0,Normal,0,Normal,True Negative (TN)
2015-01-11 05:30:00,3108.0,4234.075,0.002983,0.556167,0,Normal,0,Normal,True Negative (TN)
2015-01-11 06:00:00,2883.0,3612.3745,0.002884,0.537734,0,Normal,0,Normal,True Negative (TN)
2015-01-11 06:30:00,3710.0,3365.9265,0.002607,0.486124,0,Normal,0,Normal,True Negative (TN)
2015-01-11 07:00:00,3790.0002,3338.581,0.001843,0.343581,0,Normal,0,Normal,True Negative (TN)
2015-01-11 07:30:00,5294.0,3867.9248,0.001545,0.288038,0,Normal,0,Normal,True Negative (TN)
2015-01-11 08:00:00,6133.0,5064.987,0.000799,0.148936,0,Normal,0,Normal,True Negative (TN)
2015-01-11 08:30:00,8808.0,7680.151,0.000728,0.135665,0,Normal,0,Normal,True Negative (TN)
2015-01-11 09:00:00,9884.001,10887.658,0.00077,0.143529,0,Normal,0,Normal,True Negative (TN)
2015-01-11 09:30:00,13052.001,14208.138,0.000989,0.184326,0,Normal,0,Normal,True Negative (TN)
2015-01-11 10:00:00,13881.001,17142.793,0.001748,0.325886,0,Normal,0,Normal,True Negative (TN)
2015-01-11 10:30:00,17481.0,19218.07,0.001972,0.367666,0,Normal,0,Normal,True Negative (TN)
2015-01-11 11:00:00,17730.0,20006.475,0.00198,0.36914,0,Normal,0,Normal,True Negative (TN)
2015-01-11 11:30:00,20015.0,19988.37,0.001322,0.246504,0,Normal,0,Normal,True Negative (TN)
2015-01-11 12:00:00,19794.0,19517.275,0.000978,0.18236,0,Normal,0,Normal,True Negative (TN)
2015-01-11 12:30:00,21709.0,18879.9,0.001213,0.226106,0,Normal,0,Normal,True Negative (TN)
2015-01-11 13:00:00,21296.0,18864.53,0.001265,0.235936,0,Normal,0,Normal,True Negative (TN)
2015-01-11 13:30:00,20381.0,18084.742,0.001533,0.285826,0,Normal,0,Normal,True Negative (TN)
2015-01-11 14:00:00,19508.0,17625.43,0.002119,0.395191,0,Normal,0,Normal,True Negative (TN)
2015-01-11 14:30:00,19210.0,18120.797,0.002249,0.419276,0,Normal,0,Normal,True Negative (TN)
2015-01-11 15:00:00,18255.0,18733.459,0.002139,0.398878,0,Normal,0,Normal,True Negative (TN)
2015-01-11 15:30:00,19170.998,19130.324,0.002129,0.396912,0,Normal,0,Normal,True Negative (TN)
2015-01-11 16:00:00,18758.0,19390.363,0.002205,0.411166,0,Normal,0,Normal,True Negative (TN)
2015-01-11 16:30:00,19444.0,19641.09,0.002212,0.412395,0,Normal,0,Normal,True Negative (TN)
2015-01-11 17:00:00,19816.0,19838.57,0.001988,0.370615,0,Normal,0,Normal,True Negative (TN)
2015-01-11 17:30:00,19829.998,19900.742,0.001717,0.320233,0,Normal,0,Normal,True Negative (TN)
2015-01-11 18:00:00,19842.0,19782.793,0.001413,0.263462,0,Normal,0,Normal,True Negative (TN)
2015-01-11 18:30:00,19586.0,19484.25,0.001272,0.237165,0,Normal,0,Normal,True Negative (TN)
2015-01-11 19:00:00,18579.0,19221.549,0.001037,0.193419,0,Normal,0,Normal,True Negative (TN)
2015-01-11 19:30:00,17586.002,18505.902,0.001153,0.215046,0,Normal,0,Normal,True Negative (TN)
2015-01-11 20:00:00,15320.0,15798.118,0.004189,0.78104,0,Normal,0,Normal,True Negative (TN)
2015-01-11 20:30:00,13987.001,13778.3,0.004183,0.780057,0,Normal,0,Normal,True Negative (TN)
2015-01-11 21:00:00,13611.0,13351.851,0.002677,0.499149,0,Normal,0,Normal,True Negative (TN)
2015-01-11 21:30:00,13943.001,13410.36,0.002051,0.382412,0,Normal,0,Normal,True Negative (TN)
2015-01-11 22:00:00,12956.0,13786.36,0.001578,0.294182,0,Normal,0,Normal,True Negative (TN)
2015-01-11 22:30:00,11585.001,13105.539,0.00174,0.324411,0,Normal,0,Normal,True Negative (TN)
2015-01-11 23:00:00,12116.0,12919.116,0.001794,0.334488,0,Normal,0,Normal,True Negative (TN)
2015-01-11 23:30:00,9058.0,11445.241,0.002013,0.375284,0,Normal,0,Normal,True Negative (TN)
2015-01-12 00:00:00,7147.0,9278.287,0.002206,0.411412,0,Normal,0,Normal,True Negative (TN)
2015-01-12 00:30:00,5365.0,6743.098,0.001753,0.326869,0,Normal,0,Normal,True Negative (TN)
2015-01-12 01:00:00,3756.0,5749.838,0.001721,0.320971,0,Normal,0,Normal,True Negative (TN)
2015-01-12 01:30:00,3077.0,4687.021,0.001864,0.347513,0,Normal,0,Normal,True Negative (TN)
2015-01-12 02:00:00,2603.0,3723.6592,0.002003,0.373564,0,Normal,0,Normal,True Negative (TN)
2015-01-12 02:30:00,2264.0,3032.761,0.002042,0.380691,0,Normal,0,Normal,True Negative (TN)
2015-01-12 03:00:00,1972.9999,2748.2766,0.002251,0.419768,0,Normal,0,Normal,True Negative (TN)
2015-01-12 03:30:00,1679.0,2704.902,0.002285,0.426157,0,Normal,0,Normal,True Negative (TN)
2015-01-12 04:00:00,1964.0,3024.9907,0.002391,0.445819,0,Normal,0,Normal,True Negative (TN)
2015-01-12 04:30:00,1891.0,3545.0679,0.002396,0.446802,0,Normal,0,Normal,True Negative (TN)
2015-01-12 05:00:00,2303.0,4226.305,0.00225,0.419522,0,Normal,0,Normal,True Negative (TN)
2015-01-12 05:30:00,4462.0,5206.3945,0.001843,0.343581,0,Normal,0,Normal,True Negative (TN)
2015-01-12 06:00:00,6496.0,6490.324,0.001365,0.254614,0,Normal,0,Normal,True Negative (TN)
2015-01-12 06:30:00,11269.0,8404.366,0.001288,0.240114,0,Normal,0,Normal,True Negative (TN)
2015-01-12 07:00:00,14140.001,10801.793,0.00155,0.289021,0,Normal,0,Normal,True Negative (TN)
2015-01-12 07:30:00,18040.0,13237.455,0.002266,0.422471,0,Normal,0,Normal,True Negative (TN)
2015-01-12 08:00:00,19618.0,15194.992,0.002614,0.487353,0,Normal,0,Normal,True Negative (TN)
2015-01-12 08:30:00,19630.998,16192.234,0.002332,0.434759,0,Normal,0,Normal,True Negative (TN)
2015-01-12 09:00:00,18598.0,16266.723,0.001799,0.335471,0,Normal,0,Normal,True Negative (TN)
2015-01-12 09:30:00,17797.0,15846.88,0.001338,0.249453,0,Normal,0,Normal,True Negative (TN)
2015-01-12 10:00:00,16160.0,15254.956,0.000855,0.159504,0,Normal,0,Normal,True Negative (TN)
2015-01-12 10:30:00,15872.001,15082.739,0.000654,0.121902,0,Normal,0,Normal,True Negative (TN)
2015-01-12 11:00:00,15103.0,15389.243,0.000784,0.146233,0,Normal,0,Normal,True Negative (TN)
2015-01-12 11:30:00,16858.0,15942.832,0.000849,0.158275,0,Normal,0,Normal,True Negative (TN)
2015-01-12 12:00:00,17532.002,16447.621,0.000892,0.166385,0,Normal,0,Normal,True Negative (TN)
2015-01-12 12:30:00,16478.0,16831.283,0.00084,0.156555,0,Normal,0,Normal,True Negative (TN)
2015-01-12 13:00:00,16071.001,17112.295,0.000749,0.139597,0,Normal,0,Normal,True Negative (TN)
2015-01-12 13:30:00,17036.0,17322.223,0.000652,0.121656,0,Normal,0,Normal,True Negative (TN)
2015-01-12 14:00:00,17167.0,17447.56,0.000579,0.107893,0,Normal,0,Normal,True Negative (TN)
2015-01-12 14:30:00,18607.0,17471.451,0.00059,0.110105,0,Normal,0,Normal,True Negative (TN)
2015-01-12 15:00:00,19387.0,17381.846,0.000768,0.143283,0,Normal,0,Normal,True Negative (TN)
2015-01-12 15:30:00,16274.0,17158.162,0.000882,0.164419,0,Normal,0,Normal,True Negative (TN)
2015-01-12 16:00:00,15210.0,16913.127,0.001252,0.233479,0,Normal,0,Normal,True Negative (TN)
2015-01-12 16:30:00,14695.001,16698.928,0.00184,0.343089,0,Normal,0,Normal,True Negative (TN)
2015-01-12 17:00:00,16686.0,16001.944,0.001963,0.365945,0,Normal,0,Normal,True Negative (TN)
2015-01-12 17:30:00,19234.0,16463.164,0.002963,0.55248,0,Normal,0,Normal,True Negative (TN)
2015-01-12 18:00:00,21350.0,18678.508,0.002873,0.535768,0,Normal,0,Normal,True Negative (TN)
2015-01-12 18:30:00,22150.0,21316.21,0.001984,0.369878,0,Normal,0,Normal,True Negative (TN)
2015-01-12 19:00:00,21582.0,22684.885,0.001484,0.276733,0,Normal,0,Normal,True Negative (TN)
2015-01-12 19:30:00,20321.0,23043.99,0.001592,0.296886,0,Normal,0,Normal,True Negative (TN)
2015-01-12 20:00:00,20071.0,22941.502,0.001723,0.321216,0,Normal,0,Normal,True Negative (TN)
2015-01-12 20:30:00,18532.0,22435.666,0.002076,0.387081,0,Normal,0,Normal,True Negative (TN)
2015-01-12 21:00:00,18801.0,21648.83,0.002175,0.405513,0,Normal,0,Normal,True Negative (TN)
2015-01-12 21:30:00,17972.0,20479.57,0.002069,0.385852,0,Normal,0,Normal,True Negative (TN)
2015-01-12 22:00:00,17298.0,19503.021,0.002263,0.421979,0,Normal,0,Normal,True Negative (TN)
2015-01-12 22:30:00,14655.0,18109.58,0.002627,0.48981,0,Normal,0,Normal,True Negative (TN)
2015-01-12 23:00:00,12376.001,14763.408,0.002731,0.509226,0,Normal,0,Normal,True Negative (TN)
2015-01-12 23:30:00,10191.0,12223.7705,0.002889,0.538717,0,Normal,0,Normal,True Negative (TN)
2015-01-13 00:00:00,11139.001,10130.433,0.00239,0.445573,0,Normal,0,Normal,True Negative (TN)
2015-01-13 00:30:00,7323.0,7709.8447,0.002229,0.41559,0,Normal,0,Normal,True Negative (TN)
2015-01-13 01:00:00,5142.0005,5812.334,0.002295,0.427878,0,Normal,0,Normal,True Negative (TN)
2015-01-13 01:30:00,3987.0,4453.8623,0.002175,0.405513,0,Normal,0,Normal,True Negative (TN)
2015-01-13 02:00:00,3197.0,3456.5398,0.002064,0.384869,0,Normal,0,Normal,True Negative (TN)
2015-01-13 02:30:00,2336.0,2664.2502,0.001687,0.314581,0,Normal,0,Normal,True Negative (TN)
2015-01-13 03:00:00,1800.0,2084.4824,0.001093,0.203741,0,Normal,0,Normal,True Negative (TN)
2015-01-13 03:30:00,1742.0,1783.1923,0.001185,0.220945,0,Normal,0,Normal,True Negative (TN)
2015-01-13 04:00:00,1901.0,1809.4551,0.001206,0.224877,0,Normal,0,Normal,True Negative (TN)
2015-01-13 04:30:00,1681.0,2370.7463,0.001021,0.19047,0,Normal,0,Normal,True Negative (TN)
2015-01-13 05:00:00,2036.0,3448.8193,0.001066,0.198826,0,Normal,0,Normal,True Negative (TN)
2015-01-13 05:30:00,4284.0,4950.064,0.001098,0.204724,0,Normal,0,Normal,True Negative (TN)
2015-01-13 06:00:00,6390.0,6800.6714,0.000932,0.173758,0,Normal,0,Normal,True Negative (TN)
2015-01-13 06:30:00,11432.001,9429.978,0.000758,0.141317,0,Normal,0,Normal,True Negative (TN)
2015-01-13 07:00:00,14929.0,12593.354,0.000724,0.134927,0,Normal,0,Normal,True Negative (TN)
2015-01-13 07:30:00,19814.0,15701.211,0.00126,0.234953,0,Normal,0,Normal,True Negative (TN)
2015-01-13 08:00:00,21295.0,17737.924,0.001611,0.300326,0,Normal,0,Normal,True Negative (TN)
2015-01-13 08:30:00,21258.0,18753.352,0.001592,0.296886,0,Normal,0,Normal,True Negative (TN)
2015-01-13 09:00:00,20209.0,18644.217,0.001508,0.281157,0,Normal,0,Normal,True Negative (TN)
2015-01-13 09:30:00,19420.002,18032.32,0.001412,0.263216,0,Normal,0,Normal,True Negative (TN)
2015-01-13 10:00:00,18088.0,16887.42,0.001272,0.237165,0,Normal,0,Normal,True Negative (TN)
2015-01-13 10:30:00,17942.0,16182.423,0.001246,0.23225,0,Normal,0,Normal,True Negative (TN)
2015-01-13 11:00:00,17251.0,16371.623,0.00096,0.178919,0,Normal,0,Normal,True Negative (TN)
2015-01-13 11:30:00,18843.0,17057.787,0.000728,0.135665,0,Normal,0,Normal,True Negative (TN)
2015-01-13 12:00:00,18906.002,17692.729,0.000862,0.160733,0,Normal,0,Normal,True Negative (TN)
2015-01-13 12:30:00,18117.0,18180.518,0.000754,0.14058,0,Normal,0,Normal,True Negative (TN)
2015-01-13 13:00:00,17533.0,18511.736,0.000621,0.115758,0,Normal,0,Normal,True Negative (TN)
2015-01-13 13:30:00,18593.002,18746.266,0.000522,0.097326,0,Normal,0,Normal,True Negative (TN)
2015-01-13 14:00:00,18967.0,18902.662,0.00049,0.091427,0,Normal,0,Normal,True Negative (TN)
2015-01-13 14:30:00,20373.998,18974.207,0.000552,0.102978,0,Normal,0,Normal,True Negative (TN)
2015-01-13 15:00:00,20245.0,18896.219,0.000631,0.117724,0,Normal,0,Normal,True Negative (TN)
2015-01-13 15:30:00,18663.0,18641.418,0.000718,0.133944,0,Normal,0,Normal,True Negative (TN)
2015-01-13 16:00:00,16688.0,18330.184,0.001072,0.199809,0,Normal,0,Normal,True Negative (TN)
2015-01-13 16:30:00,14860.0,18071.232,0.001856,0.346038,0,Normal,0,Normal,True Negative (TN)
2015-01-13 17:00:00,16990.0,16745.314,0.00237,0.441886,0,Normal,0,Normal,True Negative (TN)
2015-01-13 17:30:00,20233.0,16602.186,0.005833,1.087716,1,Anomaly,0,Normal,False Positive (FP)
2015-01-13 18:00:00,23012.0,18367.322,0.004704,0.877134,0,Normal,0,Normal,True Negative (TN)
2015-01-13 18:30:00,24353.0,22901.67,0.002695,0.50259,0,Normal,0,Normal,True Negative (TN)
2015-01-13 19:00:00,24698.0,24617.283,0.00204,0.380445,0,Normal,0,Normal,True Negative (TN)
2015-01-13 19:30:00,24188.0,25084.195,0.001575,0.293691,0,Normal,0,Normal,True Negative (TN)
2015-01-13 20:00:00,24032.998,25206.182,0.001136,0.211851,0,Normal,0,Normal,True Negative (TN)
2015-01-13 20:30:00,23737.0,25110.434,0.000836,0.155817,0,Normal,0,Normal,True Negative (TN)
2015-01-13 21:00:00,23774.0,24840.201,0.000676,0.12608,0,Normal,0,Normal,True Negative (TN)
2015-01-13 21:30:00,23522.0,24284.271,0.00054,0.100766,0,Normal,0,Normal,True Negative (TN)
2015-01-13 22:00:00,21827.998,23745.336,0.000757,0.141071,0,Normal,0,Normal,True Negative (TN)
2015-01-13 22:30:00,18996.0,23439.201,0.002229,0.41559,0,Normal,0,Normal,True Negative (TN)
2015-01-13 23:00:00,15659.001,20164.635,0.00371,0.691828,0,Normal,0,Normal,True Negative (TN)
2015-01-13 23:30:00,12989.0,16659.658,0.004637,0.8646,0,Normal,0,Normal,True Negative (TN)
2015-01-14 00:00:00,10584.001,12177.925,0.004182,0.779812,0,Normal,0,Normal,True Negative (TN)
2015-01-14 00:30:00,7941.0,8778.151,0.003716,0.692811,0,Normal,0,Normal,True Negative (TN)
2015-01-14 01:00:00,6221.0,6543.068,0.003378,0.629896,0,Normal,0,Normal,True Negative (TN)
2015-01-14 01:30:00,4792.0,4987.122,0.002854,0.532082,0,Normal,0,Normal,True Negative (TN)
2015-01-14 02:00:00,3814.0,3879.9004,0.00242,0.451225,0,Normal,0,Normal,True Negative (TN)
2015-01-14 02:30:00,3053.0,3031.151,0.001874,0.349479,0,Normal,0,Normal,True Negative (TN)
2015-01-14 03:00:00,2725.0,2376.7397,0.001628,0.303521,0,Normal,0,Normal,True Negative (TN)
2015-01-14 03:30:00,2356.0,1960.5886,0.001828,0.340877,0,Normal,0,Normal,True Negative (TN)
2015-01-14 04:00:00,2327.0,1940.6118,0.001876,0.349725,0,Normal,0,Normal,True Negative (TN)
2015-01-14 04:30:00,2058.0,2634.8245,0.000974,0.181623,0,Normal,0,Normal,True Negative (TN)
2015-01-14 05:00:00,2267.0,4039.2334,0.000428,0.079876,0,Normal,0,Normal,True Negative (TN)
2015-01-14 05:30:00,4547.0,5866.268,0.000365,0.06808,0,Normal,0,Normal,True Negative (TN)
2015-01-14 06:00:00,6582.0,8036.8833,0.000467,0.087003,0,Normal,0,Normal,True Negative (TN)
2015-01-14 06:30:00,12004.001,11089.067,0.000468,0.087249,0,Normal,0,Normal,True Negative (TN)
2015-01-14 07:00:00,15442.001,14565.988,0.000456,0.085037,0,Normal,0,Normal,True Negative (TN)
2015-01-14 07:30:00,20021.0,17639.975,0.000592,0.110351,0,Normal,0,Normal,True Negative (TN)
2015-01-14 08:00:00,20952.998,19487.678,0.000544,0.101504,0,Normal,0,Normal,True Negative (TN)
2015-01-14 08:30:00,21276.0,20265.621,0.000517,0.096342,0,Normal,0,Normal,True Negative (TN)
2015-01-14 09:00:00,20443.998,20130.695,0.000518,0.096588,0,Normal,0,Normal,True Negative (TN)
2015-01-14 09:30:00,19071.0,19264.594,0.000531,0.099046,0,Normal,0,Normal,True Negative (TN)
2015-01-14 10:00:00,17173.0,17961.408,0.000428,0.079876,0,Normal,0,Normal,True Negative (TN)
2015-01-14 10:30:00,17446.0,16564.607,0.000414,0.077173,0,Normal,0,Normal,True Negative (TN)
2015-01-14 11:00:00,16319.0,16485.943,0.000535,0.099783,0,Normal,0,Normal,True Negative (TN)
2015-01-14 11:30:00,18120.0,17105.932,0.000642,0.11969,0,Normal,0,Normal,True Negative (TN)
2015-01-14 12:00:00,18258.0,17699.87,0.00065,0.121165,0,Normal,0,Normal,True Negative (TN)
2015-01-14 12:30:00,17222.0,18101.854,0.000654,0.121902,0,Normal,0,Normal,True Negative (TN)
2015-01-14 13:00:00,16563.0,18334.293,0.000804,0.149919,0,Normal,0,Normal,True Negative (TN)
2015-01-14 13:30:00,17953.0,18480.438,0.00083,0.154834,0,Normal,0,Normal,True Negative (TN)
2015-01-14 14:00:00,18119.0,18543.195,0.000824,0.153605,0,Normal,0,Normal,True Negative (TN)
2015-01-14 14:30:00,18740.0,18488.365,0.00079,0.147216,0,Normal,0,Normal,True Negative (TN)
2015-01-14 15:00:00,18803.0,18270.19,0.000792,0.147707,0,Normal,0,Normal,True Negative (TN)
2015-01-14 15:30:00,17318.0,17922.139,0.000848,0.158029,0,Normal,0,Normal,True Negative (TN)
2015-01-14 16:00:00,15354.001,17578.225,0.001247,0.232496,0,Normal,0,Normal,True Negative (TN)
2015-01-14 16:30:00,14243.0,17246.82,0.002055,0.383149,0,Normal,0,Normal,True Negative (TN)
2015-01-14 17:00:00,16310.001,15520.414,0.002637,0.491776,0,Normal,0,Normal,True Negative (TN)
2015-01-14 17:30:00,20078.0,16206.214,0.005742,1.070598,1,Anomaly,0,Normal,False Positive (FP)
2015-01-14 18:00:00,22843.998,19404.22,0.003746,0.698464,0,Normal,0,Normal,True Negative (TN)
2015-01-14 18:30:00,23895.0,22989.273,0.00199,0.371106,0,Normal,0,Normal,True Negative (TN)
2015-01-14 19:00:00,24409.998,24341.096,0.001215,0.226597,0,Normal,0,Normal,True Negative (TN)
2015-01-14 19:30:00,24215.998,24747.387,0.000953,0.17769,0,Normal,0,Normal,True Negative (TN)
2015-01-14 20:00:00,22350.998,24821.107,0.00104,0.193911,0,Normal,0,Normal,True Negative (TN)
2015-01-14 20:30:00,22154.0,24615.469,0.001101,0.205216,0,Normal,0,Normal,True Negative (TN)
2015-01-14 21:00:00,22756.998,24198.91,0.000931,0.173512,0,Normal,0,Normal,True Negative (TN)
2015-01-14 21:30:00,22300.998,23489.541,0.000729,0.13591,0,Normal,0,Normal,True Negative (TN)
2015-01-14 22:00:00,22536.998,22814.42,0.000705,0.131487,0,Normal,0,Normal,True Negative (TN)
2015-01-14 22:30:00,19647.0,22557.729,0.001232,0.229792,0,Normal,0,Normal,True Negative (TN)
2015-01-14 23:00:00,16555.0,19815.057,0.002114,0.394208,0,Normal,0,Normal,True Negative (TN)
2015-01-14 23:30:00,13935.001,16484.648,0.002454,0.457615,0,Normal,0,Normal,True Negative (TN)
2015-01-15 00:00:00,10852.0,12446.96,0.002156,0.402073,0,Normal,0,Normal,True Negative (TN)
2015-01-15 00:30:00,8131.0,9057.376,0.002054,0.382903,0,Normal,0,Normal,True Negative (TN)
2015-01-15 01:00:00,6253.0,6759.7686,0.002177,0.406005,0,Normal,0,Normal,True Negative (TN)
2015-01-15 01:30:00,4881.0,5145.765,0.001984,0.369878,0,Normal,0,Normal,True Negative (TN)
2015-01-15 02:00:00,3872.0,3993.5188,0.001835,0.342106,0,Normal,0,Normal,True Negative (TN)
2015-01-15 02:30:00,2952.0,3101.669,0.001679,0.313106,0,Normal,0,Normal,True Negative (TN)
2015-01-15 03:00:00,2530.0,2392.2092,0.001674,0.312123,0,Normal,0,Normal,True Negative (TN)
2015-01-15 03:30:00,2242.0,1904.61,0.001985,0.370123,0,Normal,0,Normal,True Negative (TN)
2015-01-15 04:00:00,2384.0,1795.9827,0.002002,0.373318,0,Normal,0,Normal,True Negative (TN)
2015-01-15 04:30:00,2102.0,2313.7866,0.001149,0.214309,0,Normal,0,Normal,True Negative (TN)
2015-01-15 05:00:00,2353.0,3580.9624,0.000554,0.103224,0,Normal,0,Normal,True Negative (TN)
2015-01-15 05:30:00,4388.0,5327.7676,0.000536,0.100029,0,Normal,0,Normal,True Negative (TN)
2015-01-15 06:00:00,6600.0,7502.1436,0.000552,0.102978,0,Normal,0,Normal,True Negative (TN)
2015-01-15 06:30:00,11844.001,10604.034,0.000542,0.101012,0,Normal,0,Normal,True Negative (TN)
2015-01-15 07:00:00,15429.001,14118.483,0.000496,0.09241,0,Normal,0,Normal,True Negative (TN)
2015-01-15 07:30:00,19536.002,17127.873,0.000497,0.092656,0,Normal,0,Normal,True Negative (TN)
2015-01-15 08:00:00,20799.998,19156.473,0.000418,0.07791,0,Normal,0,Normal,True Negative (TN)
2015-01-15 08:30:00,21237.0,20147.256,0.000315,0.058741,0,Normal,0,Normal,True Negative (TN)
2015-01-15 09:00:00,20044.0,20165.28,0.000262,0.04891,0,Normal,0,Normal,True Negative (TN)
2015-01-15 09:30:00,19195.0,19483.404,0.000377,0.070292,0,Normal,0,Normal,True Negative (TN)
2015-01-15 10:00:00,16819.0,18215.127,0.000328,0.061198,0,Normal,0,Normal,True Negative (TN)
2015-01-15 10:30:00,17002.0,16651.4,0.000217,0.040554,0,Normal,0,Normal,True Negative (TN)
2015-01-15 11:00:00,15592.0,16397.613,0.000394,0.073486,0,Normal,0,Normal,True Negative (TN)
2015-01-15 11:30:00,17319.0,16952.344,0.000563,0.104944,0,Normal,0,Normal,True Negative (TN)
2015-01-15 12:00:00,18062.0,17504.635,0.000647,0.120673,0,Normal,0,Normal,True Negative (TN)
2015-01-15 12:30:00,16821.0,17867.975,0.000733,0.136648,0,Normal,0,Normal,True Negative (TN)
2015-01-15 13:00:00,16158.001,18068.66,0.000937,0.174741,0,Normal,0,Normal,True Negative (TN)
2015-01-15 13:30:00,17614.0,18186.777,0.000978,0.18236,0,Normal,0,Normal,True Negative (TN)
2015-01-15 14:00:00,17978.0,18230.48,0.000963,0.179656,0,Normal,0,Normal,True Negative (TN)
2015-01-15 14:30:00,18693.0,18168.604,0.000923,0.172038,0,Normal,0,Normal,True Negative (TN)
2015-01-15 15:00:00,18743.0,17958.553,0.000927,0.172775,0,Normal,0,Normal,True Negative (TN)
2015-01-15 15:30:00,17213.0,17633.93,0.000967,0.180394,0,Normal,0,Normal,True Negative (TN)
2015-01-15 16:00:00,15389.0,17325.162,0.001334,0.248716,0,Normal,0,Normal,True Negative (TN)
2015-01-15 16:30:00,13926.0,17022.28,0.002225,0.414852,0,Normal,0,Normal,True Negative (TN)
2015-01-15 17:00:00,16336.0,15589.026,0.002748,0.512421,0,Normal,0,Normal,True Negative (TN)
2015-01-15 17:30:00,19647.0,16259.081,0.005467,1.019402,1,Anomaly,0,Normal,False Positive (FP)
2015-01-15 18:00:00,22731.998,19592.129,0.003826,0.713455,0,Normal,0,Normal,True Negative (TN)
2015-01-15 18:30:00,24064.0,22787.482,0.002371,0.442132,0,Normal,0,Normal,True Negative (TN)
2015-01-15 19:00:00,24881.0,24091.645,0.001645,0.306716,0,Normal,0,Normal,True Negative (TN)
2015-01-15 19:30:00,24507.0,24526.809,0.001306,0.243555,0,Normal,0,Normal,True Negative (TN)
2015-01-15 20:00:00,24438.0,24658.0,0.001085,0.202267,0,Normal,0,Normal,True Negative (TN)
2015-01-15 20:30:00,23792.0,24518.201,0.000848,0.158029,0,Normal,0,Normal,True Negative (TN)
2015-01-15 21:00:00,24517.0,24269.404,0.00071,0.13247,0,Normal,0,Normal,True Negative (TN)
2015-01-15 21:30:00,24126.0,23780.402,0.000598,0.11158,0,Normal,0,Normal,True Negative (TN)
2015-01-15 22:00:00,23957.0,23315.297,0.000663,0.123622,0,Normal,0,Normal,True Negative (TN)
2015-01-15 22:30:00,22825.0,23411.559,0.00077,0.143529,0,Normal,0,Normal,True Negative (TN)
2015-01-15 23:00:00,21085.998,22532.465,0.0009,0.16786,0,Normal,0,Normal,True Negative (TN)
2015-01-15 23:30:00,17957.0,19977.389,0.00114,0.212589,0,Normal,0,Normal,True Negative (TN)
2015-01-16 00:00:00,14729.001,16547.764,0.001024,0.190962,0,Normal,0,Normal,True Negative (TN)
2015-01-16 00:30:00,11814.0,12736.584,0.000954,0.177936,0,Normal,0,Normal,True Negative (TN)
2015-01-16 01:00:00,9221.0,9753.628,0.001095,0.204233,0,Normal,0,Normal,True Negative (TN)
2015-01-16 01:30:00,7049.0,7430.426,0.001103,0.205707,0,Normal,0,Normal,True Negative (TN)
2015-01-16 02:00:00,6102.0,5692.3286,0.001136,0.211851,0,Normal,0,Normal,True Negative (TN)
2015-01-16 02:30:00,4971.0005,4395.3477,0.001222,0.227826,0,Normal,0,Normal,True Negative (TN)
2015-01-16 03:00:00,4205.0,3433.8384,0.0015,0.279682,0,Normal,0,Normal,True Negative (TN)
2015-01-16 03:30:00,3238.0,2730.3145,0.002005,0.37381,0,Normal,0,Normal,True Negative (TN)
2015-01-16 04:00:00,3474.0002,2365.8784,0.002173,0.405268,0,Normal,0,Normal,True Negative (TN)
2015-01-16 04:30:00,2952.0,2553.0562,0.001174,0.218979,0,Normal,0,Normal,True Negative (TN)
2015-01-16 05:00:00,2858.0002,3394.3367,0.000439,0.081842,0,Normal,0,Normal,True Negative (TN)
2015-01-16 05:30:00,4621.0,4983.383,0.000302,0.056283,0,Normal,0,Normal,True Negative (TN)
2015-01-16 06:00:00,6570.0,7065.8276,0.000357,0.066605,0,Normal,0,Normal,True Negative (TN)
2015-01-16 06:30:00,11368.0,10024.496,0.000446,0.083071,0,Normal,0,Normal,True Negative (TN)
2015-01-16 07:00:00,14644.001,13419.347,0.000428,0.079876,0,Normal,0,Normal,True Negative (TN)
2015-01-16 07:30:00,18846.0,16534.041,0.000552,0.102978,0,Normal,0,Normal,True Negative (TN)
2015-01-16 08:00:00,19936.0,18583.645,0.000484,0.090198,0,Normal,0,Normal,True Negative (TN)
2015-01-16 08:30:00,20314.998,19754.701,0.000427,0.079631,0,Normal,0,Normal,True Negative (TN)
2015-01-16 09:00:00,19285.0,20085.986,0.000407,0.075944,0,Normal,0,Normal,True Negative (TN)
2015-01-16 09:30:00,18492.0,19736.025,0.000461,0.08602,0,Normal,0,Normal,True Negative (TN)
2015-01-16 10:00:00,16873.002,19221.787,0.000692,0.129029,0,Normal,0,Normal,True Negative (TN)
2015-01-16 10:30:00,16492.0,18330.336,0.000837,0.156063,0,Normal,0,Normal,True Negative (TN)
2015-01-16 11:00:00,15440.0,16953.926,0.000563,0.104944,0,Normal,0,Normal,True Negative (TN)
2015-01-16 11:30:00,17341.0,17019.535,0.000577,0.107648,0,Normal,0,Normal,True Negative (TN)
2015-01-16 12:00:00,17377.0,17527.012,0.000712,0.132716,0,Normal,0,Normal,True Negative (TN)
2015-01-16 12:30:00,16922.0,17849.639,0.000857,0.15975,0,Normal,0,Normal,True Negative (TN)
2015-01-16 13:00:00,16465.0,18006.0,0.001025,0.191207,0,Normal,0,Normal,True Negative (TN)
2015-01-16 13:30:00,17797.0,18092.38,0.00101,0.188258,0,Normal,0,Normal,True Negative (TN)
2015-01-16 14:00:00,18924.0,18117.139,0.000909,0.16958,0,Normal,0,Normal,True Negative (TN)
2015-01-16 14:30:00,19579.0,18074.057,0.000855,0.159504,0,Normal,0,Normal,True Negative (TN)
2015-01-16 15:00:00,19159.0,17918.43,0.000857,0.15975,0,Normal,0,Normal,True Negative (TN)
2015-01-16 15:30:00,17343.0,17669.342,0.00088,0.164173,0,Normal,0,Normal,True Negative (TN)
2015-01-16 16:00:00,15856.001,17423.627,0.001149,0.214309,0,Normal,0,Normal,True Negative (TN)
2015-01-16 16:30:00,14769.0,17225.93,0.001851,0.345055,0,Normal,0,Normal,True Negative (TN)
2015-01-16 17:00:00,16980.0,16400.879,0.002139,0.398878,0,Normal,0,Normal,True Negative (TN)
2015-01-16 17:30:00,21603.998,17233.746,0.004253,0.793083,0,Normal,0,Normal,True Negative (TN)
2015-01-16 18:00:00,24026.0,20125.688,0.004429,0.825769,0,Normal,0,Normal,True Negative (TN)
2015-01-16 18:30:00,26084.998,22916.893,0.004087,0.762117,0,Normal,0,Normal,True Negative (TN)
2015-01-16 19:00:00,27462.0,24241.621,0.003659,0.682243,0,Normal,0,Normal,True Negative (TN)
2015-01-16 19:30:00,27680.998,24745.465,0.00334,0.622768,0,Normal,0,Normal,True Negative (TN)
2015-01-16 20:00:00,26427.0,24944.658,0.002934,0.547073,0,Normal,0,Normal,True Negative (TN)
2015-01-16 20:30:00,25444.0,24865.467,0.002807,0.52348,0,Normal,0,Normal,True Negative (TN)
2015-01-16 21:00:00,25168.0,24588.775,0.003096,0.577302,0,Normal,0,Normal,True Negative (TN)
2015-01-16 21:30:00,25375.998,24034.578,0.003692,0.688387,0,Normal,0,Normal,True Negative (TN)
2015-01-16 22:00:00,26024.0,24254.809,0.003883,0.724023,0,Normal,0,Normal,True Negative (TN)
2015-01-16 22:30:00,26428.0,24519.07,0.003559,0.663565,0,Normal,0,Normal,True Negative (TN)
2015-01-16 23:00:00,25889.998,24044.625,0.002868,0.534785,0,Normal,0,Normal,True Negative (TN)
2015-01-16 23:30:00,25471.998,23209.488,0.002293,0.427632,0,Normal,0,Normal,True Negative (TN)
2015-01-17 00:00:00,24840.998,22178.318,0.001854,0.345793,0,Normal,0,Normal,True Negative (TN)
2015-01-17 00:30:00,22159.0,20764.672,0.00165,0.307699,0,Normal,0,Normal,True Negative (TN)
2015-01-17 01:00:00,20046.0,19133.578,0.001611,0.300326,0,Normal,0,Normal,True Negative (TN)
2015-01-17 01:30:00,17945.0,17163.98,0.001561,0.290987,0,Normal,0,Normal,True Negative (TN)
2015-01-17 02:00:00,15954.0,14879.597,0.001625,0.30303,0,Normal,0,Normal,True Negative (TN)
2015-01-17 02:30:00,14210.001,12438.8,0.002094,0.390522,0,Normal,0,Normal,True Negative (TN)
2015-01-17 03:00:00,12146.001,10034.312,0.002989,0.557395,0,Normal,0,Normal,True Negative (TN)
2015-01-17 03:30:00,10342.001,7887.718,0.003863,0.720337,0,Normal,0,Normal,True Negative (TN)
2015-01-17 04:00:00,8970.0,6130.9844,0.004016,0.748845,0,Normal,0,Normal,True Negative (TN)
2015-01-17 04:30:00,5302.0,4984.7017,0.002537,0.473098,0,Normal,0,Normal,True Negative (TN)
2015-01-17 05:00:00,3600.0,4604.3857,0.001539,0.287055,0,Normal,0,Normal,True Negative (TN)
2015-01-17 05:30:00,3192.0,4499.2246,0.001799,0.335471,0,Normal,0,Normal,True Negative (TN)
2015-01-17 06:00:00,3473.0,4583.886,0.002146,0.400107,0,Normal,0,Normal,True Negative (TN)
2015-01-17 06:30:00,4304.0,4835.8657,0.002127,0.396666,0,Normal,0,Normal,True Negative (TN)
2015-01-17 07:00:00,4478.0,5295.7563,0.001704,0.317776,0,Normal,0,Normal,True Negative (TN)
2015-01-17 07:30:00,6310.0,6363.439,0.001086,0.202512,0,Normal,0,Normal,True Negative (TN)
2015-01-17 08:00:00,7464.9995,8278.171,0.000866,0.16147,0,Normal,0,Normal,True Negative (TN)
2015-01-17 08:30:00,11664.001,11134.192,0.000815,0.151885,0,Normal,0,Normal,True Negative (TN)
2015-01-17 09:00:00,12000.0,14006.494,0.001025,0.191207,0,Normal,0,Normal,True Negative (TN)
2015-01-17 09:30:00,14970.0,16487.38,0.001195,0.222911,0,Normal,0,Normal,True Negative (TN)
2015-01-17 10:00:00,15205.001,18085.535,0.001532,0.285581,0,Normal,0,Normal,True Negative (TN)
2015-01-17 10:30:00,17118.0,18898.014,0.001445,0.26936,0,Normal,0,Normal,True Negative (TN)
2015-01-17 11:00:00,17495.0,19192.92,0.001369,0.255352,0,Normal,0,Normal,True Negative (TN)
2015-01-17 11:30:00,19508.0,18866.238,0.001135,0.211606,0,Normal,0,Normal,True Negative (TN)
2015-01-17 12:00:00,20017.0,18175.62,0.000932,0.173758,0,Normal,0,Normal,True Negative (TN)
2015-01-17 12:30:00,20707.0,18316.816,0.000994,0.185309,0,Normal,0,Normal,True Negative (TN)
2015-01-17 13:00:00,20940.998,17742.45,0.001447,0.269852,0,Normal,0,Normal,True Negative (TN)
2015-01-17 13:30:00,20725.0,17379.354,0.002242,0.418047,0,Normal,0,Normal,True Negative (TN)
2015-01-17 14:00:00,19358.0,17810.297,0.00238,0.443852,0,Normal,0,Normal,True Negative (TN)
2015-01-17 14:30:00,20007.998,18480.744,0.002287,0.426403,0,Normal,0,Normal,True Negative (TN)
2015-01-17 15:00:00,20758.0,19029.771,0.002256,0.420751,0,Normal,0,Normal,True Negative (TN)
2015-01-17 15:30:00,21068.0,19438.568,0.002357,0.439429,0,Normal,0,Normal,True Negative (TN)
2015-01-17 16:00:00,20315.998,19743.852,0.002382,0.444098,0,Normal,0,Normal,True Negative (TN)
2015-01-17 16:30:00,19248.0,20031.482,0.002309,0.430581,0,Normal,0,Normal,True Negative (TN)
2015-01-17 17:00:00,20449.0,20252.879,0.002021,0.376759,0,Normal,0,Normal,True Negative (TN)
2015-01-17 17:30:00,23133.0,20400.467,0.00191,0.356115,0,Normal,0,Normal,True Negative (TN)
2015-01-17 18:00:00,23733.0,20482.922,0.001903,0.354886,0,Normal,0,Normal,True Negative (TN)
2015-01-17 18:30:00,25602.0,20677.883,0.002558,0.477031,0,Normal,0,Normal,True Negative (TN)
2015-01-17 19:00:00,27074.0,21365.57,0.0039,0.727218,0,Normal,0,Normal,True Negative (TN)
2015-01-17 19:30:00,25487.0,20684.02,0.006988,1.303058,1,Anomaly,0,Normal,False Positive (FP)
2015-01-17 20:00:00,22436.998,21882.406,0.007342,1.368972,1,Anomaly,0,Normal,False Positive (FP)
2015-01-17 20:30:00,21569.0,22058.922,0.005551,1.035081,1,Anomaly,0,Normal,False Positive (FP)
2015-01-17 21:00:00,21541.998,22165.998,0.003281,0.611709,0,Normal,0,Normal,True Negative (TN)
2015-01-17 21:30:00,22660.998,21578.066,0.002839,0.529378,0,Normal,0,Normal,True Negative (TN)
2015-01-17 22:00:00,23754.0,21309.502,0.002673,0.498412,0,Normal,0,Normal,True Negative (TN)
2015-01-17 22:30:00,25114.0,21159.348,0.003068,0.572141,0,Normal,0,Normal,True Negative (TN)
2015-01-17 23:00:00,25308.0,21326.656,0.003124,0.582463,0,Normal,0,Normal,True Negative (TN)
2015-01-17 23:30:00,25250.998,21395.578,0.003159,0.589099,0,Normal,0,Normal,True Negative (TN)
2015-01-18 00:00:00,25423.0,21586.367,0.003115,0.580743,0,Normal,0,Normal,True Negative (TN)
2015-01-18 00:30:00,23964.0,21613.426,0.00284,0.529624,0,Normal,0,Normal,True Negative (TN)
2015-01-18 01:00:00,22134.0,21373.398,0.002578,0.480717,0,Normal,0,Normal,True Negative (TN)
2015-01-18 01:30:00,20253.002,20826.719,0.002456,0.457861,0,Normal,0,Normal,True Negative (TN)
2015-01-18 02:00:00,19354.0,20145.232,0.002396,0.446802,0,Normal,0,Normal,True Negative (TN)
2015-01-18 02:30:00,17470.0,18957.416,0.002428,0.4527,0,Normal,0,Normal,True Negative (TN)
2015-01-18 03:00:00,14916.0,16884.219,0.002473,0.461056,0,Normal,0,Normal,True Negative (TN)
2015-01-18 03:30:00,13069.001,14102.585,0.002367,0.441395,0,Normal,0,Normal,True Negative (TN)
2015-01-18 04:00:00,10617.0,11333.148,0.002289,0.426895,0,Normal,0,Normal,True Negative (TN)
2015-01-18 04:30:00,6053.0,8620.792,0.002411,0.449505,0,Normal,0,Normal,True Negative (TN)
2015-01-18 05:00:00,4097.0,6239.4243,0.002858,0.532819,0,Normal,0,Normal,True Negative (TN)
2015-01-18 05:30:00,3219.0,4621.1265,0.003456,0.644396,0,Normal,0,Normal,True Negative (TN)
2015-01-18 06:00:00,3050.0,3745.944,0.003662,0.682735,0,Normal,0,Normal,True Negative (TN)
2015-01-18 06:30:00,3114.0,3170.9548,0.002981,0.555921,0,Normal,0,Normal,True Negative (TN)
2015-01-18 07:00:00,3521.0,2784.984,0.001475,0.275013,0,Normal,0,Normal,True Negative (TN)
2015-01-18 07:30:00,4745.0005,2803.7983,0.000741,0.138122,0,Normal,0,Normal,True Negative (TN)
2015-01-18 08:00:00,6289.9995,3823.843,0.000851,0.158766,0,Normal,0,Normal,True Negative (TN)
2015-01-18 08:30:00,8298.0,6400.9717,0.000807,0.150411,0,Normal,0,Normal,True Negative (TN)
2015-01-18 09:00:00,9919.001,9883.123,0.000596,0.111088,0,Normal,0,Normal,True Negative (TN)
2015-01-18 09:30:00,13441.0,13386.522,0.000533,0.099292,0,Normal,0,Normal,True Negative (TN)
2015-01-18 10:00:00,15096.0,16293.024,0.000658,0.122639,0,Normal,0,Normal,True Negative (TN)
2015-01-18 10:30:00,18880.0,18305.764,0.0007,0.130504,0,Normal,0,Normal,True Negative (TN)
2015-01-18 11:00:00,20210.0,19405.854,0.000766,0.142792,0,Normal,0,Normal,True Negative (TN)
2015-01-18 11:30:00,22395.0,19857.957,0.001111,0.207182,0,Normal,0,Normal,True Negative (TN)
2015-01-18 12:00:00,22791.0,19599.781,0.001536,0.286318,0,Normal,0,Normal,True Negative (TN)
2015-01-18 12:30:00,22619.0,19265.516,0.002173,0.405268,0,Normal,0,Normal,True Negative (TN)
2015-01-18 13:00:00,22916.0,19751.531,0.002089,0.389539,0,Normal,0,Normal,True Negative (TN)
2015-01-18 13:30:00,22472.0,19334.098,0.001758,0.327852,0,Normal,0,Normal,True Negative (TN)
2015-01-18 14:00:00,22014.998,18907.678,0.002234,0.416573,0,Normal,0,Normal,True Negative (TN)
2015-01-18 14:30:00,23848.0,19426.635,0.003016,0.562311,0,Normal,0,Normal,True Negative (TN)
2015-01-18 15:00:00,22149.0,20211.537,0.002842,0.52987,0,Normal,0,Normal,True Negative (TN)
2015-01-18 15:30:00,19787.0,20702.43,0.002789,0.520039,0,Normal,0,Normal,True Negative (TN)
2015-01-18 16:00:00,18399.0,20891.053,0.003076,0.573616,0,Normal,0,Normal,True Negative (TN)
2015-01-18 16:30:00,18309.0,21025.748,0.00314,0.585412,0,Normal,0,Normal,True Negative (TN)
2015-01-18 17:00:00,17623.0,21107.943,0.003391,0.632353,0,Normal,0,Normal,True Negative (TN)
2015-01-18 17:30:00,18567.0,21078.043,0.003588,0.668972,0,Normal,0,Normal,True Negative (TN)
2015-01-18 18:00:00,18557.0,20751.518,0.003891,0.725498,0,Normal,0,Normal,True Negative (TN)
2015-01-18 18:30:00,20670.0,20141.688,0.003822,0.712718,0,Normal,0,Normal,True Negative (TN)
2015-01-18 19:00:00,16805.0,19411.02,0.003391,0.632353,0,Normal,0,Normal,True Negative (TN)
2015-01-18 19:30:00,14576.0,16311.909,0.003882,0.723777,0,Normal,0,Normal,True Negative (TN)
2015-01-18 20:00:00,14056.0,11300.425,0.009069,1.691025,1,Anomaly,0,Normal,False Positive (FP)
2015-01-18 20:30:00,14591.0,11128.362,0.006042,1.126593,1,Anomaly,0,Normal,False Positive (FP)
2015-01-18 21:00:00,13904.001,11295.356,0.004682,0.872956,0,Normal,0,Normal,True Negative (TN)
2015-01-18 21:30:00,14487.0,14806.461,0.003415,0.636777,0,Normal,0,Normal,True Negative (TN)
2015-01-18 22:00:00,15516.001,16768.42,0.002996,0.558624,0,Normal,0,Normal,True Negative (TN)
2015-01-18 22:30:00,14292.0,15923.372,0.002987,0.556904,0,Normal,0,Normal,True Negative (TN)
2015-01-18 23:00:00,12676.0,15297.642,0.003041,0.56698,0,Normal,0,Normal,True Negative (TN)
2015-01-18 23:30:00,11970.001,15095.695,0.003296,0.614658,0,Normal,0,Normal,True Negative (TN)
2015-01-19 00:00:00,10938.001,14977.649,0.003897,0.726727,0,Normal,0,Normal,True Negative (TN)
2015-01-19 00:30:00,9181.0,15076.337,0.00544,1.014443,1,Anomaly,0,Normal,False Positive (FP)
2015-01-19 01:00:00,7630.0,15359.622,0.006766,1.261621,1,Anomaly,0,Normal,False Positive (FP)
2015-01-19 01:30:00,6241.0,14297.118,0.007203,1.343054,1,Anomaly,0,Normal,False Positive (FP)
2015-01-19 02:00:00,5370.0,10454.052,0.005948,1.109155,1,Anomaly,0,Normal,False Positive (FP)
2015-01-19 02:30:00,4199.0,5906.7373,0.003755,0.700184,0,Normal,0,Normal,True Negative (TN)
2015-01-19 03:00:00,3815.0,4760.866,0.003038,0.566489,0,Normal,0,Normal,True Negative (TN)
2015-01-19 03:30:00,3367.0,3746.9045,0.002941,0.548302,0,Normal,0,Normal,True Negative (TN)
2015-01-19 04:00:00,3278.0,3229.0586,0.003009,0.561082,0,Normal,0,Normal,True Negative (TN)
2015-01-19 04:30:00,2542.0,3031.998,0.002918,0.544124,0,Normal,0,Normal,True Negative (TN)
2015-01-19 05:00:00,2341.0,3138.313,0.002905,0.541666,0,Normal,0,Normal,True Negative (TN)
2015-01-19 05:30:00,2774.0002,3457.0369,0.002504,0.466954,0,Normal,0,Normal,True Negative (TN)
2015-01-19 06:00:00,3479.0,4021.1145,0.002142,0.399369,0,Normal,0,Normal,True Negative (TN)
2015-01-19 06:30:00,5228.0005,4644.775,0.000676,0.12608,0,Normal,0,Normal,True Negative (TN)
2015-01-19 07:00:00,5531.0,5651.7554,0.000464,0.086512,0,Normal,0,Normal,True Negative (TN)
2015-01-19 07:30:00,7133.0,7133.4697,0.000496,0.09241,0,Normal,0,Normal,True Negative (TN)
2015-01-19 08:00:00,8572.0,8904.164,0.000517,0.096342,0,Normal,0,Normal,True Negative (TN)
2015-01-19 08:30:00,11251.001,10675.931,0.000496,0.09241,0,Normal,0,Normal,True Negative (TN)
2015-01-19 09:00:00,11815.001,12221.927,0.000369,0.068817,0,Normal,0,Normal,True Negative (TN)
2015-01-19 09:30:00,13223.0,13107.1875,0.000343,0.063902,0,Normal,0,Normal,True Negative (TN)
2015-01-19 10:00:00,12862.001,13023.864,0.000274,0.051122,0,Normal,0,Normal,True Negative (TN)
2015-01-19 10:30:00,14360.001,12587.072,0.000324,0.060461,0,Normal,0,Normal,True Negative (TN)
2015-01-19 11:00:00,14101.001,12408.755,0.000376,0.070046,0,Normal,0,Normal,True Negative (TN)
2015-01-19 11:30:00,16056.0,12598.49,0.000758,0.141317,0,Normal,0,Normal,True Negative (TN)
2015-01-19 12:00:00,16454.0,12888.1455,0.001172,0.218487,0,Normal,0,Normal,True Negative (TN)
2015-01-19 12:30:00,17460.0,13314.508,0.001836,0.342352,0,Normal,0,Normal,True Negative (TN)
2015-01-19 13:00:00,17295.0,13856.563,0.002287,0.426403,0,Normal,0,Normal,True Negative (TN)
2015-01-19 13:30:00,17872.0,14484.708,0.002701,0.503573,0,Normal,0,Normal,True Negative (TN)
2015-01-19 14:00:00,17517.0,15130.728,0.002865,0.534294,0,Normal,0,Normal,True Negative (TN)
2015-01-19 14:30:00,18228.0,15784.5625,0.00296,0.551989,0,Normal,0,Normal,True Negative (TN)
2015-01-19 15:00:00,17900.0,16386.006,0.002929,0.54609,0,Normal,0,Normal,True Negative (TN)
2015-01-19 15:30:00,18245.0,16924.19,0.002872,0.535522,0,Normal,0,Normal,True Negative (TN)
2015-01-19 16:00:00,17379.0,17346.668,0.002767,0.515861,0,Normal,0,Normal,True Negative (TN)
2015-01-19 16:30:00,16921.0,17664.22,0.002486,0.463514,0,Normal,0,Normal,True Negative (TN)
2015-01-19 17:00:00,17309.0,17885.59,0.001999,0.372827,0,Normal,0,Normal,True Negative (TN)
2015-01-19 17:30:00,18431.0,18053.432,0.001394,0.260021,0,Normal,0,Normal,True Negative (TN)
2015-01-19 18:00:00,19141.998,18247.572,0.000857,0.15975,0,Normal,0,Normal,True Negative (TN)
2015-01-19 18:30:00,19449.002,18437.477,0.000928,0.173021,0,Normal,0,Normal,True Negative (TN)
2015-01-19 19:00:00,18494.0,18746.377,0.001333,0.24847,0,Normal,0,Normal,True Negative (TN)
2015-01-19 19:30:00,17217.002,18497.357,0.001702,0.317284,0,Normal,0,Normal,True Negative (TN)
2015-01-19 20:00:00,16075.0,17908.006,0.001708,0.318513,0,Normal,0,Normal,True Negative (TN)
2015-01-19 20:30:00,15157.0,17198.975,0.001327,0.247487,0,Normal,0,Normal,True Negative (TN)
2015-01-19 21:00:00,14245.0,15788.087,0.000945,0.176216,0,Normal,0,Normal,True Negative (TN)
2015-01-19 21:30:00,14069.0,14342.991,0.000672,0.125343,0,Normal,0,Normal,True Negative (TN)
2015-01-19 22:00:00,13506.001,13347.256,0.000685,0.1278,0,Normal,0,Normal,True Negative (TN)
2015-01-19 22:30:00,12936.001,12444.892,0.000696,0.129766,0,Normal,0,Normal,True Negative (TN)
2015-01-19 23:00:00,10400.001,11367.753,0.000907,0.169089,0,Normal,0,Normal,True Negative (TN)
2015-01-19 23:30:00,8189.0,9531.46,0.001156,0.215538,0,Normal,0,Normal,True Negative (TN)
2015-01-20 00:00:00,6941.0,8049.9507,0.001201,0.223894,0,Normal,0,Normal,True Negative (TN)
2015-01-20 00:30:00,5164.0,6590.857,0.00113,0.210623,0,Normal,0,Normal,True Negative (TN)
2015-01-20 01:00:00,3940.0,5140.241,0.001214,0.226352,0,Normal,0,Normal,True Negative (TN)
2015-01-20 01:30:00,3073.0002,3931.5337,0.001207,0.225123,0,Normal,0,Normal,True Negative (TN)
2015-01-20 02:00:00,2690.0,3059.976,0.001227,0.228809,0,Normal,0,Normal,True Negative (TN)
2015-01-20 02:30:00,2006.0,2473.3757,0.001053,0.196368,0,Normal,0,Normal,True Negative (TN)
2015-01-20 03:00:00,1584.0,2189.1946,0.000986,0.183834,0,Normal,0,Normal,True Negative (TN)
2015-01-20 03:30:00,1495.0,2168.062,0.000853,0.159012,0,Normal,0,Normal,True Negative (TN)
2015-01-20 04:00:00,1692.0,2443.301,0.000892,0.166385,0,Normal,0,Normal,True Negative (TN)
2015-01-20 04:30:00,1663.0,3031.2708,0.001039,0.193665,0,Normal,0,Normal,True Negative (TN)
2015-01-20 05:00:00,2275.0,3905.929,0.001163,0.216767,0,Normal,0,Normal,True Negative (TN)
2015-01-20 05:30:00,4423.0,5050.7,0.001021,0.19047,0,Normal,0,Normal,True Negative (TN)
2015-01-20 06:00:00,6390.0,6449.567,0.000767,0.143038,0,Normal,0,Normal,True Negative (TN)
2015-01-20 06:30:00,11694.0,8495.686,0.000884,0.164911,0,Normal,0,Normal,True Negative (TN)
2015-01-20 07:00:00,14427.0,11063.39,0.001165,0.217258,0,Normal,0,Normal,True Negative (TN)
2015-01-20 07:30:00,18672.0,13739.427,0.001909,0.355869,0,Normal,0,Normal,True Negative (TN)
2015-01-20 08:00:00,19568.0,15638.952,0.002109,0.393225,0,Normal,0,Normal,True Negative (TN)
2015-01-20 08:30:00,20068.0,16500.572,0.002051,0.382412,0,Normal,0,Normal,True Negative (TN)
2015-01-20 09:00:00,18961.0,16508.955,0.00164,0.305733,0,Normal,0,Normal,True Negative (TN)
2015-01-20 09:30:00,17965.0,16072.875,0.001173,0.218733,0,Normal,0,Normal,True Negative (TN)
2015-01-20 10:00:00,15858.001,15366.294,0.000927,0.172775,0,Normal,0,Normal,True Negative (TN)
2015-01-20 10:30:00,15942.0,15121.656,0.001076,0.200546,0,Normal,0,Normal,True Negative (TN)
2015-01-20 11:00:00,14858.0,15490.544,0.001062,0.198089,0,Normal,0,Normal,True Negative (TN)
2015-01-20 11:30:00,16031.0,16043.22,0.000969,0.180639,0,Normal,0,Normal,True Negative (TN)
2015-01-20 12:00:00,15767.001,16490.883,0.000974,0.181623,0,Normal,0,Normal,True Negative (TN)
2015-01-20 12:30:00,15718.0,16789.152,0.000973,0.181377,0,Normal,0,Normal,True Negative (TN)
2015-01-20 13:00:00,14752.0,16958.787,0.001118,0.208411,0,Normal,0,Normal,True Negative (TN)
2015-01-20 13:30:00,16556.002,17077.621,0.001049,0.195631,0,Normal,0,Normal,True Negative (TN)
2015-01-20 14:00:00,16333.001,17112.09,0.001015,0.189241,0,Normal,0,Normal,True Negative (TN)
2015-01-20 14:30:00,17782.0,17045.973,0.000957,0.178428,0,Normal,0,Normal,True Negative (TN)
2015-01-20 15:00:00,17590.002,16849.965,0.000931,0.173512,0,Normal,0,Normal,True Negative (TN)
2015-01-20 15:30:00,16525.0,16568.58,0.000969,0.180639,0,Normal,0,Normal,True Negative (TN)
2015-01-20 16:00:00,15174.001,16311.363,0.001285,0.239623,0,Normal,0,Normal,True Negative (TN)
2015-01-20 16:30:00,14241.0,16047.141,0.001939,0.361522,0,Normal,0,Normal,True Negative (TN)
2015-01-20 17:00:00,16378.001,15229.594,0.002313,0.431319,0,Normal,0,Normal,True Negative (TN)
2015-01-20 17:30:00,19480.0,16360.801,0.003714,0.692565,0,Normal,0,Normal,True Negative (TN)
2015-01-20 18:00:00,22419.0,19839.717,0.00319,0.594751,0,Normal,0,Normal,True Negative (TN)
2015-01-20 18:30:00,23261.998,21969.543,0.00227,0.423208,0,Normal,0,Normal,True Negative (TN)
2015-01-20 19:00:00,22395.0,23024.357,0.001549,0.288776,0,Normal,0,Normal,True Negative (TN)
2015-01-20 19:30:00,21662.998,23262.365,0.001492,0.278208,0,Normal,0,Normal,True Negative (TN)
2015-01-20 20:00:00,21386.0,23201.988,0.001566,0.29197,0,Normal,0,Normal,True Negative (TN)
2015-01-20 20:30:00,20673.0,22802.256,0.001462,0.272555,0,Normal,0,Normal,True Negative (TN)
2015-01-20 21:00:00,21258.0,22250.158,0.001224,0.228318,0,Normal,0,Normal,True Negative (TN)
2015-01-20 21:30:00,21185.998,21501.871,0.000902,0.168106,0,Normal,0,Normal,True Negative (TN)
2015-01-20 22:00:00,20053.0,20940.0,0.000896,0.167122,0,Normal,0,Normal,True Negative (TN)
2015-01-20 22:30:00,16936.0,20194.713,0.001215,0.226597,0,Normal,0,Normal,True Negative (TN)
2015-01-20 23:00:00,14319.0,16824.18,0.001271,0.236919,0,Normal,0,Normal,True Negative (TN)
2015-01-20 23:30:00,11226.001,13627.186,0.001296,0.241589,0,Normal,0,Normal,True Negative (TN)
2015-01-21 00:00:00,8987.0,10215.996,0.001159,0.216029,0,Normal,0,Normal,True Negative (TN)
2015-01-21 00:30:00,6616.0,7461.85,0.001119,0.208657,0,Normal,0,Normal,True Negative (TN)
2015-01-21 01:00:00,5410.0,5628.516,0.001396,0.260267,0,Normal,0,Normal,True Negative (TN)
2015-01-21 01:30:00,4152.0,4313.145,0.001346,0.250928,0,Normal,0,Normal,True Negative (TN)
2015-01-21 02:00:00,3405.0,3340.3342,0.001406,0.262233,0,Normal,0,Normal,True Negative (TN)
2015-01-21 02:30:00,2682.0,2568.6597,0.001259,0.234707,0,Normal,0,Normal,True Negative (TN)
2015-01-21 03:00:00,2180.0,1990.0608,0.001285,0.239623,0,Normal,0,Normal,True Negative (TN)
2015-01-21 03:30:00,1905.0,1648.578,0.001503,0.280174,0,Normal,0,Normal,True Negative (TN)
2015-01-21 04:00:00,2089.0,1673.4276,0.001495,0.278699,0,Normal,0,Normal,True Negative (TN)
2015-01-21 04:30:00,1980.9999,2373.1719,0.000883,0.164665,0,Normal,0,Normal,True Negative (TN)
2015-01-21 05:00:00,2213.0,3765.517,0.000584,0.108876,0,Normal,0,Normal,True Negative (TN)
2015-01-21 05:30:00,4205.0,5564.3027,0.000604,0.112563,0,Normal,0,Normal,True Negative (TN)
2015-01-21 06:00:00,6482.0,7637.1377,0.000521,0.09708,0,Normal,0,Normal,True Negative (TN)
2015-01-21 06:30:00,11513.0,10474.713,0.000333,0.062181,0,Normal,0,Normal,True Negative (TN)
2015-01-21 07:00:00,15263.001,13788.702,0.000349,0.06513,0,Normal,0,Normal,True Negative (TN)
2015-01-21 07:30:00,19134.002,16754.232,0.000489,0.091181,0,Normal,0,Normal,True Negative (TN)
2015-01-21 08:00:00,20366.0,18666.086,0.000447,0.083317,0,Normal,0,Normal,True Negative (TN)
2015-01-21 08:30:00,21164.998,19594.54,0.00039,0.072749,0,Normal,0,Normal,True Negative (TN)
2015-01-21 09:00:00,19723.0,19430.117,0.000381,0.071029,0,Normal,0,Normal,True Negative (TN)
2015-01-21 09:30:00,18557.0,18491.363,0.000442,0.082334,0,Normal,0,Normal,True Negative (TN)
2015-01-21 10:00:00,17106.0,16949.281,0.000326,0.060707,0,Normal,0,Normal,True Negative (TN)
2015-01-21 10:30:00,17373.0,15935.989,0.000535,0.099783,0,Normal,0,Normal,True Negative (TN)
2015-01-21 11:00:00,15714.0,16063.526,0.000684,0.127554,0,Normal,0,Normal,True Negative (TN)
2015-01-21 11:30:00,16754.0,16680.477,0.000706,0.131732,0,Normal,0,Normal,True Negative (TN)
2015-01-21 12:00:00,17156.0,17235.469,0.000684,0.127554,0,Normal,0,Normal,True Negative (TN)
2015-01-21 12:30:00,16405.0,17610.21,0.000674,0.125588,0,Normal,0,Normal,True Negative (TN)
2015-01-21 13:00:00,15565.0,17807.498,0.00089,0.165894,0,Normal,0,Normal,True Negative (TN)
2015-01-21 13:30:00,17267.0,17924.363,0.000898,0.167368,0,Normal,0,Normal,True Negative (TN)
2015-01-21 14:00:00,17711.0,17967.344,0.000867,0.161716,0,Normal,0,Normal,True Negative (TN)
2015-01-21 14:30:00,18372.0,17903.818,0.000826,0.154097,0,Normal,0,Normal,True Negative (TN)
2015-01-21 15:00:00,18579.0,17700.582,0.00083,0.154834,0,Normal,0,Normal,True Negative (TN)
2015-01-21 15:30:00,16601.0,17374.791,0.000882,0.164419,0,Normal,0,Normal,True Negative (TN)
2015-01-21 16:00:00,15939.001,17075.727,0.001134,0.21136,0,Normal,0,Normal,True Negative (TN)
2015-01-21 16:30:00,14513.001,16806.688,0.001856,0.346038,0,Normal,0,Normal,True Negative (TN)
2015-01-21 17:00:00,17001.0,15748.082,0.002436,0.454175,0,Normal,0,Normal,True Negative (TN)
2015-01-21 17:30:00,20961.998,16895.967,0.00514,0.958482,0,Normal,0,Normal,True Negative (TN)
2015-01-21 18:00:00,23400.0,20769.256,0.003924,0.731642,0,Normal,0,Normal,True Negative (TN)
2015-01-21 18:30:00,23891.0,23118.156,0.002482,0.462776,0,Normal,0,Normal,True Negative (TN)
2015-01-21 19:00:00,24111.998,24108.395,0.00158,0.294674,0,Normal,0,Normal,True Negative (TN)
2015-01-21 19:30:00,23195.0,24391.273,0.001334,0.248716,0,Normal,0,Normal,True Negative (TN)
2015-01-21 20:00:00,22527.0,24368.193,0.001348,0.251419,0,Normal,0,Normal,True Negative (TN)
2015-01-21 20:30:00,21977.998,23989.38,0.001147,0.213818,0,Normal,0,Normal,True Negative (TN)
2015-01-21 21:00:00,22623.998,23440.793,0.000912,0.170072,0,Normal,0,Normal,True Negative (TN)
2015-01-21 21:30:00,21970.0,22547.092,0.000803,0.149673,0,Normal,0,Normal,True Negative (TN)
2015-01-21 22:00:00,21085.0,22213.854,0.000995,0.185555,0,Normal,0,Normal,True Negative (TN)
2015-01-21 22:30:00,19624.0,20834.178,0.001122,0.209148,0,Normal,0,Normal,True Negative (TN)
2015-01-21 23:00:00,15974.001,17962.49,0.001427,0.266165,0,Normal,0,Normal,True Negative (TN)
2015-01-21 23:30:00,12520.001,14776.309,0.001677,0.312615,0,Normal,0,Normal,True Negative (TN)
2015-01-22 00:00:00,10173.0,11023.195,0.001416,0.263953,0,Normal,0,Normal,True Negative (TN)
2015-01-22 00:30:00,7771.0,8178.018,0.00142,0.264691,0,Normal,0,Normal,True Negative (TN)
2015-01-22 01:00:00,6287.0,6231.374,0.001641,0.305979,0,Normal,0,Normal,True Negative (TN)
2015-01-22 01:30:00,4720.0,4802.6797,0.001575,0.293691,0,Normal,0,Normal,True Negative (TN)
2015-01-22 02:00:00,3642.0,3749.4583,0.001499,0.279437,0,Normal,0,Normal,True Negative (TN)
2015-01-22 02:30:00,2769.0,2922.0266,0.001421,0.264936,0,Normal,0,Normal,True Negative (TN)
2015-01-22 03:00:00,2406.0,2270.4697,0.001442,0.268869,0,Normal,0,Normal,True Negative (TN)
2015-01-22 03:30:00,2194.0,1876.448,0.001715,0.319742,0,Normal,0,Normal,True Negative (TN)
2015-01-22 04:00:00,2275.0,1855.2134,0.001727,0.321954,0,Normal,0,Normal,True Negative (TN)
2015-01-22 04:30:00,2021.0,2531.4321,0.000886,0.165156,0,Normal,0,Normal,True Negative (TN)
2015-01-22 05:00:00,2385.0002,3884.5513,0.000498,0.092902,0,Normal,0,Normal,True Negative (TN)
2015-01-22 05:30:00,4276.0,5547.7925,0.000564,0.10519,0,Normal,0,Normal,True Negative (TN)
2015-01-22 06:00:00,6311.0,7590.655,0.000521,0.09708,0,Normal,0,Normal,True Negative (TN)
2015-01-22 06:30:00,11643.001,10585.58,0.000438,0.081597,0,Normal,0,Normal,True Negative (TN)
2015-01-22 07:00:00,14874.001,13966.728,0.000335,0.062427,0,Normal,0,Normal,True Negative (TN)
2015-01-22 07:30:00,19720.0,17040.082,0.000509,0.094868,0,Normal,0,Normal,True Negative (TN)
2015-01-22 08:00:00,20607.0,19026.371,0.000456,0.085037,0,Normal,0,Normal,True Negative (TN)
2015-01-22 08:30:00,20837.998,19991.3,0.000376,0.070046,0,Normal,0,Normal,True Negative (TN)
2015-01-22 09:00:00,19347.0,19921.096,0.000348,0.064885,0,Normal,0,Normal,True Negative (TN)
2015-01-22 09:30:00,18316.0,19120.002,0.000424,0.079139,0,Normal,0,Normal,True Negative (TN)
2015-01-22 10:00:00,16233.001,17753.365,0.00049,0.091427,0,Normal,0,Normal,True Negative (TN)
2015-01-22 10:30:00,16420.0,16176.676,0.000349,0.06513,0,Normal,0,Normal,True Negative (TN)
2015-01-22 11:00:00,14997.0,16062.0205,0.000544,0.101504,0,Normal,0,Normal,True Negative (TN)
2015-01-22 11:30:00,17341.0,16627.703,0.000696,0.129766,0,Normal,0,Normal,True Negative (TN)
2015-01-22 12:00:00,17606.0,17147.988,0.000778,0.145004,0,Normal,0,Normal,True Negative (TN)
2015-01-22 12:30:00,16850.0,17495.441,0.000854,0.159258,0,Normal,0,Normal,True Negative (TN)
2015-01-22 13:00:00,15625.0,17679.69,0.001112,0.207428,0,Normal,0,Normal,True Negative (TN)
2015-01-22 13:30:00,17210.0,17796.568,0.001152,0.214801,0,Normal,0,Normal,True Negative (TN)
2015-01-22 14:00:00,17552.0,17844.963,0.001128,0.210377,0,Normal,0,Normal,True Negative (TN)
2015-01-22 14:30:00,18531.0,17793.81,0.001095,0.204233,0,Normal,0,Normal,True Negative (TN)
2015-01-22 15:00:00,18806.0,17610.016,0.001137,0.212097,0,Normal,0,Normal,True Negative (TN)
2015-01-22 15:30:00,17322.0,17327.412,0.001199,0.223648,0,Normal,0,Normal,True Negative (TN)
2015-01-22 16:00:00,15719.001,17070.174,0.001533,0.285826,0,Normal,0,Normal,True Negative (TN)
2015-01-22 16:30:00,14717.0,16847.266,0.002272,0.4237,0,Normal,0,Normal,True Negative (TN)
2015-01-22 17:00:00,16955.0,15929.987,0.002759,0.514387,0,Normal,0,Normal,True Negative (TN)
2015-01-22 17:30:00,20646.998,17033.676,0.004962,0.925304,0,Normal,0,Normal,True Negative (TN)
2015-01-22 18:00:00,23122.0,20584.688,0.00417,0.7776,0,Normal,0,Normal,True Negative (TN)
2015-01-22 18:30:00,25031.0,22975.818,0.003315,0.618099,0,Normal,0,Normal,True Negative (TN)
2015-01-22 19:00:00,25375.998,24091.086,0.002478,0.462039,0,Normal,0,Normal,True Negative (TN)
2015-01-22 19:30:00,25848.998,24418.965,0.002164,0.403547,0,Normal,0,Normal,True Negative (TN)
2015-01-22 20:00:00,24434.0,24466.78,0.001851,0.345055,0,Normal,0,Normal,True Negative (TN)
2015-01-22 20:30:00,23690.0,24224.965,0.0016,0.29836,0,Normal,0,Normal,True Negative (TN)
2015-01-22 21:00:00,24703.998,23894.475,0.00163,0.304013,0,Normal,0,Normal,True Negative (TN)
2015-01-22 21:30:00,25221.0,23377.834,0.001887,0.351937,0,Normal,0,Normal,True Negative (TN)
2015-01-22 22:00:00,24320.0,23314.27,0.001869,0.348496,0,Normal,0,Normal,True Negative (TN)
2015-01-22 22:30:00,22822.998,23428.66,0.001716,0.319988,0,Normal,0,Normal,True Negative (TN)
2015-01-22 23:00:00,21753.998,22103.043,0.001423,0.265428,0,Normal,0,Normal,True Negative (TN)
2015-01-22 23:30:00,17946.0,19769.025,0.001417,0.264199,0,Normal,0,Normal,True Negative (TN)
2015-01-23 00:00:00,14722.001,16275.84,0.001148,0.214063,0,Normal,0,Normal,True Negative (TN)
2015-01-23 00:30:00,11815.001,12644.01,0.000967,0.180394,0,Normal,0,Normal,True Negative (TN)
2015-01-23 01:00:00,9274.0,9852.311,0.001029,0.191945,0,Normal,0,Normal,True Negative (TN)
2015-01-23 01:30:00,7241.0,7576.8867,0.001036,0.193173,0,Normal,0,Normal,True Negative (TN)
2015-01-23 02:00:00,6184.0,5797.764,0.001135,0.211606,0,Normal,0,Normal,True Negative (TN)
2015-01-23 02:30:00,4956.0,4448.2446,0.001318,0.245767,0,Normal,0,Normal,True Negative (TN)
2015-01-23 03:00:00,4158.0,3461.5325,0.001673,0.311877,0,Normal,0,Normal,True Negative (TN)
2015-01-23 03:30:00,3499.0,2772.1946,0.002187,0.407725,0,Normal,0,Normal,True Negative (TN)
2015-01-23 04:00:00,3433.0002,2464.7622,0.002246,0.418785,0,Normal,0,Normal,True Negative (TN)
2015-01-23 04:30:00,2736.0,2712.4814,0.001267,0.236182,0,Normal,0,Normal,True Negative (TN)
2015-01-23 05:00:00,2534.0,3594.1619,0.000581,0.108385,0,Normal,0,Normal,True Negative (TN)
2015-01-23 05:30:00,4436.0,5068.0747,0.000535,0.099783,0,Normal,0,Normal,True Negative (TN)
2015-01-23 06:00:00,6559.0,7060.745,0.00063,0.117478,0,Normal,0,Normal,True Negative (TN)
2015-01-23 06:30:00,11173.001,9880.766,0.000672,0.125343,0,Normal,0,Normal,True Negative (TN)
2015-01-23 07:00:00,14477.0,13297.393,0.000712,0.132716,0,Normal,0,Normal,True Negative (TN)
2015-01-23 07:30:00,19424.002,16500.953,0.000792,0.147707,0,Normal,0,Normal,True Negative (TN)
2015-01-23 08:00:00,20059.0,18685.256,0.000667,0.12436,0,Normal,0,Normal,True Negative (TN)
2015-01-23 08:30:00,20211.0,19930.918,0.000555,0.10347,0,Normal,0,Normal,True Negative (TN)
2015-01-23 09:00:00,19220.0,20290.514,0.000618,0.115266,0,Normal,0,Normal,True Negative (TN)
2015-01-23 09:30:00,18519.0,19859.725,0.000633,0.11797,0,Normal,0,Normal,True Negative (TN)
2015-01-23 10:00:00,16466.0,19283.996,0.000919,0.1713,0,Normal,0,Normal,True Negative (TN)
2015-01-23 10:30:00,16651.0,18443.785,0.001136,0.211851,0,Normal,0,Normal,True Negative (TN)
2015-01-23 11:00:00,15564.001,16967.44,0.000699,0.130258,0,Normal,0,Normal,True Negative (TN)
2015-01-23 11:30:00,17483.0,17012.959,0.000677,0.126326,0,Normal,0,Normal,True Negative (TN)
2015-01-23 12:00:00,18057.0,17535.643,0.000803,0.149673,0,Normal,0,Normal,True Negative (TN)
2015-01-23 12:30:00,16855.0,17878.545,0.000937,0.174741,0,Normal,0,Normal,True Negative (TN)
2015-01-23 13:00:00,16827.0,18056.555,0.001058,0.197351,0,Normal,0,Normal,True Negative (TN)
2015-01-23 13:30:00,17900.0,18158.441,0.001048,0.195385,0,Normal,0,Normal,True Negative (TN)
2015-01-23 14:00:00,18747.0,18195.61,0.00096,0.178919,0,Normal,0,Normal,True Negative (TN)
2015-01-23 14:30:00,19493.0,18164.076,0.000917,0.171055,0,Normal,0,Normal,True Negative (TN)
2015-01-23 15:00:00,19020.0,18012.5,0.000906,0.168843,0,Normal,0,Normal,True Negative (TN)
2015-01-23 15:30:00,17169.0,17746.89,0.000936,0.174495,0,Normal,0,Normal,True Negative (TN)
2015-01-23 16:00:00,15680.001,17478.045,0.001244,0.232004,0,Normal,0,Normal,True Negative (TN)
2015-01-23 16:30:00,15126.001,17271.02,0.001901,0.354394,0,Normal,0,Normal,True Negative (TN)
2015-01-23 17:00:00,17664.0,16454.443,0.002201,0.410429,0,Normal,0,Normal,True Negative (TN)
2015-01-23 17:30:00,21064.998,17204.494,0.004201,0.783252,0,Normal,0,Normal,True Negative (TN)
2015-01-23 18:00:00,23572.998,19944.928,0.004075,0.759905,0,Normal,0,Normal,True Negative (TN)
2015-01-23 18:30:00,25063.0,22828.04,0.003246,0.605319,0,Normal,0,Normal,True Negative (TN)
2015-01-23 19:00:00,26854.0,24210.57,0.002763,0.515124,0,Normal,0,Normal,True Negative (TN)
2015-01-23 19:30:00,26037.0,24623.1,0.002313,0.431319,0,Normal,0,Normal,True Negative (TN)
2015-01-23 20:00:00,24863.0,24757.428,0.001881,0.350708,0,Normal,0,Normal,True Negative (TN)
2015-01-23 20:30:00,23792.998,24601.75,0.001674,0.312123,0,Normal,0,Normal,True Negative (TN)
2015-01-23 21:00:00,23559.998,24167.363,0.001744,0.325149,0,Normal,0,Normal,True Negative (TN)
2015-01-23 21:30:00,23903.998,23457.527,0.002061,0.384378,0,Normal,0,Normal,True Negative (TN)
2015-01-23 22:00:00,25266.0,23746.96,0.002198,0.409937,0,Normal,0,Normal,True Negative (TN)
2015-01-23 22:30:00,25284.0,23585.047,0.002144,0.399861,0,Normal,0,Normal,True Negative (TN)
2015-01-23 23:00:00,25156.998,22849.451,0.001857,0.346284,0,Normal,0,Normal,True Negative (TN)
2015-01-23 23:30:00,24596.998,21920.264,0.00174,0.324411,0,Normal,0,Normal,True Negative (TN)
2015-01-24 00:00:00,24223.0,20917.324,0.001708,0.318513,0,Normal,0,Normal,True Negative (TN)
2015-01-24 00:30:00,21761.0,19704.848,0.001638,0.305487,0,Normal,0,Normal,True Negative (TN)
2015-01-24 01:00:00,20356.0,18270.889,0.001638,0.305487,0,Normal,0,Normal,True Negative (TN)
2015-01-24 01:30:00,18221.0,16425.35,0.001594,0.297131,0,Normal,0,Normal,True Negative (TN)
2015-01-24 02:00:00,14264.001,13981.249,0.001561,0.290987,0,Normal,0,Normal,True Negative (TN)
2015-01-24 02:30:00,11852.001,11326.3125,0.001773,0.330555,0,Normal,0,Normal,True Negative (TN)
2015-01-24 03:00:00,10245.0,8879.606,0.00234,0.436234,0,Normal,0,Normal,True Negative (TN)
2015-01-24 03:30:00,8895.0,6884.8584,0.002898,0.540438,0,Normal,0,Normal,True Negative (TN)
2015-01-24 04:00:00,7634.0,5407.3364,0.002825,0.526675,0,Normal,0,Normal,True Negative (TN)
2015-01-24 04:30:00,4822.0,4480.671,0.001829,0.341123,0,Normal,0,Normal,True Negative (TN)
2015-01-24 05:00:00,3521.0,4067.71,0.001467,0.273538,0,Normal,0,Normal,True Negative (TN)
2015-01-24 05:30:00,2971.0,3894.9893,0.001742,0.324903,0,Normal,0,Normal,True Negative (TN)
2015-01-24 06:00:00,3225.0,3867.3013,0.001911,0.356361,0,Normal,0,Normal,True Negative (TN)
2015-01-24 06:30:00,4324.0,4115.4165,0.001762,0.328589,0,Normal,0,Normal,True Negative (TN)
2015-01-24 07:00:00,4948.0005,4680.724,0.001074,0.200301,0,Normal,0,Normal,True Negative (TN)
2015-01-24 07:30:00,6401.0,6098.807,0.000631,0.117724,0,Normal,0,Normal,True Negative (TN)
2015-01-24 08:00:00,7537.0,8371.59,0.000493,0.091919,0,Normal,0,Normal,True Negative (TN)
2015-01-24 08:30:00,10085.001,11237.336,0.000515,0.096097,0,Normal,0,Normal,True Negative (TN)
2015-01-24 09:00:00,11421.001,14037.529,0.000791,0.147461,0,Normal,0,Normal,True Negative (TN)
2015-01-24 09:30:00,15063.0,16519.213,0.000952,0.177445,0,Normal,0,Normal,True Negative (TN)
2015-01-24 10:00:00,14932.001,18088.639,0.001302,0.242818,0,Normal,0,Normal,True Negative (TN)
2015-01-24 10:30:00,16512.0,18939.404,0.001447,0.269852,0,Normal,0,Normal,True Negative (TN)
2015-01-24 11:00:00,16893.0,19178.203,0.001509,0.281403,0,Normal,0,Normal,True Negative (TN)
2015-01-24 11:30:00,19945.0,18816.934,0.001391,0.259284,0,Normal,0,Normal,True Negative (TN)
2015-01-24 12:00:00,19851.002,18053.18,0.001178,0.219716,0,Normal,0,Normal,True Negative (TN)
2015-01-24 12:30:00,20385.0,17628.682,0.001421,0.264936,0,Normal,0,Normal,True Negative (TN)
2015-01-24 13:00:00,20321.0,16661.6,0.002329,0.434268,0,Normal,0,Normal,True Negative (TN)
2015-01-24 13:30:00,19563.0,16587.08,0.002921,0.544616,0,Normal,0,Normal,True Negative (TN)
2015-01-24 14:00:00,18692.0,17269.098,0.002686,0.50087,0,Normal,0,Normal,True Negative (TN)
2015-01-24 14:30:00,19016.0,17984.166,0.002311,0.430827,0,Normal,0,Normal,True Negative (TN)
2015-01-24 15:00:00,19252.0,18540.043,0.002092,0.39003,0,Normal,0,Normal,True Negative (TN)
2015-01-24 15:30:00,19325.0,18943.79,0.002061,0.384378,0,Normal,0,Normal,True Negative (TN)
2015-01-24 16:00:00,19139.0,19235.957,0.002118,0.394945,0,Normal,0,Normal,True Negative (TN)
2015-01-24 16:30:00,19092.0,19484.068,0.002051,0.382412,0,Normal,0,Normal,True Negative (TN)
2015-01-24 17:00:00,19901.0,19644.293,0.001822,0.339649,0,Normal,0,Normal,True Negative (TN)
2015-01-24 17:30:00,21433.0,19711.941,0.001551,0.289267,0,Normal,0,Normal,True Negative (TN)
2015-01-24 18:00:00,22996.998,19733.043,0.001537,0.286564,0,Normal,0,Normal,True Negative (TN)
2015-01-24 18:30:00,24210.0,19858.678,0.002034,0.379217,0,Normal,0,Normal,True Negative (TN)
2015-01-24 19:00:00,26175.0,20477.277,0.003332,0.621294,0,Normal,0,Normal,True Negative (TN)
2015-01-24 19:30:00,24935.0,20596.205,0.005574,1.039401,1,Anomaly,0,Normal,False Positive (FP)
2015-01-24 20:00:00,21243.0,21178.67,0.006592,1.229144,1,Anomaly,0,Normal,False Positive (FP)
2015-01-24 20:30:00,20206.0,21979.816,0.006357,1.185345,1,Anomaly,1,Anomaly,True Positive (TP)
2015-01-24 21:00:00,20188.0,22462.904,0.004803,0.895586,0,Normal,1,Anomaly,False Negative (FN)
2015-01-24 21:30:00,21587.998,21917.357,0.004328,0.807067,0,Normal,1,Anomaly,False Negative (FN)
2015-01-24 22:00:00,24356.998,21654.594,0.004386,0.81789,0,Normal,1,Anomaly,False Negative (FN)
2015-01-24 22:30:00,25009.0,21482.96,0.004884,0.910662,0,Normal,1,Anomaly,False Negative (FN)
2015-01-24 23:00:00,25640.998,21838.309,0.005087,0.948543,0,Normal,1,Anomaly,False Negative (FN)
2015-01-24 23:30:00,25928.0,21835.535,0.005482,1.022179,1,Anomaly,1,Anomaly,True Positive (TP)
2015-01-25 00:00:00,25026.0,22020.207,0.005313,0.990677,0,Normal,1,Anomaly,False Negative (FN)
2015-01-25 00:30:00,23773.0,21913.047,0.004965,0.925737,0,Normal,1,Anomaly,False Negative (FN)
2015-01-25 01:00:00,22667.0,21569.504,0.004687,0.87394,0,Normal,1,Anomaly,False Negative (FN)
2015-01-25 01:30:00,20864.0,21032.361,0.004525,0.843789,0,Normal,1,Anomaly,False Negative (FN)
2015-01-25 02:00:00,19498.0,20380.928,0.004457,0.831033,0,Normal,1,Anomaly,False Negative (FN)
2015-01-25 02:30:00,17494.0,19255.174,0.004556,0.849587,0,Normal,1,Anomaly,False Negative (FN)
2015-01-25 03:00:00,15262.0,17206.32,0.004666,0.870074,0,Normal,1,Anomaly,False Negative (FN)
2015-01-25 03:30:00,12727.001,14237.878,0.004592,0.856158,0,Normal,1,Anomaly,False Negative (FN)
2015-01-25 04:00:00,10682.0,11200.91,0.004451,0.829873,0,Normal,1,Anomaly,False Negative (FN)
2015-01-25 04:30:00,5804.0005,8188.329,0.004847,0.903704,0,Normal,1,Anomaly,False Negative (FN)
2015-01-25 05:00:00,3732.0002,5823.3364,0.005509,1.02724,1,Anomaly,1,Anomaly,True Positive (TP)
2015-01-25 05:30:00,3050.0,4347.4824,0.005741,1.070459,1,Anomaly,1,Anomaly,True Positive (TP)
2015-01-25 06:00:00,2793.0,3463.4558,0.005686,1.060201,1,Anomaly,1,Anomaly,True Positive (TP)
2015-01-25 06:30:00,3690.0002,2912.7302,0.005002,0.932695,0,Normal,1,Anomaly,False Negative (FN)
2015-01-25 07:00:00,4009.0,2557.3438,0.002815,0.524887,0,Normal,1,Anomaly,False Negative (FN)
2015-01-25 07:30:00,5014.0,2569.1045,0.00181,0.337412,0,Normal,1,Anomaly,False Negative (FN)
2015-01-25 08:00:00,5354.0,3504.6545,0.001851,0.345143,0,Normal,1,Anomaly,False Negative (FN)
2015-01-25 08:30:00,7693.9995,6052.7217,0.001579,0.294505,0,Normal,1,Anomaly,False Negative (FN)
2015-01-25 09:00:00,9298.0,9560.622,0.000935,0.174289,0,Normal,1,Anomaly,False Negative (FN)
2015-01-25 09:30:00,12036.0,13013.652,0.000833,0.155348,0,Normal,1,Anomaly,False Negative (FN)
2015-01-25 10:00:00,13457.0,15858.923,0.001283,0.239229,0,Normal,1,Anomaly,False Negative (FN)
2015-01-25 10:30:00,16776.0,18012.004,0.001492,0.27827,0,Normal,1,Anomaly,False Negative (FN)
2015-01-25 11:00:00,16838.0,19165.955,0.001855,0.345916,0,Normal,1,Anomaly,False Negative (FN)
2015-01-25 11:30:00,18681.0,19562.545,0.001644,0.306488,0,Normal,1,Anomaly,False Negative (FN)
2015-01-25 12:00:00,19382.0,19405.127,0.001451,0.270539,0,Normal,1,Anomaly,False Negative (FN)
2015-01-25 12:30:00,19841.0,18794.52,0.001451,0.270539,0,Normal,1,Anomaly,False Negative (FN)
2015-01-25 13:00:00,19688.0,18573.516,0.001426,0.2659,0,Normal,1,Anomaly,False Negative (FN)
2015-01-25 13:30:00,19900.0,17791.807,0.001816,0.338571,0,Normal,1,Anomaly,False Negative (FN)
2015-01-25 14:00:00,19767.0,17067.19,0.002861,0.533391,0,Normal,1,Anomaly,False Negative (FN)
2015-01-25 14:30:00,19114.0,17413.814,0.003136,0.584802,0,Normal,1,Anomaly,False Negative (FN)
2015-01-25 15:00:00,18144.0,18043.361,0.002827,0.527206,0,Normal,1,Anomaly,False Negative (FN)
2015-01-25 15:30:00,18343.0,18496.47,0.002722,0.507493,0,Normal,1,Anomaly,False Negative (FN)
2015-01-25 16:00:00,17879.0,18779.844,0.002699,0.503241,0,Normal,1,Anomaly,False Negative (FN)
2015-01-25 16:30:00,17910.0,19047.58,0.002815,0.524887,0,Normal,1,Anomaly,False Negative (FN)
2015-01-25 17:00:00,17868.0,19226.871,0.002678,0.499375,0,Normal,1,Anomaly,False Negative (FN)
2015-01-25 17:30:00,19079.0,19277.66,0.002286,0.426318,0,Normal,1,Anomaly,False Negative (FN)
2015-01-25 18:00:00,19687.0,19174.889,0.001745,0.325429,0,Normal,1,Anomaly,False Negative (FN)
2015-01-25 18:30:00,19227.0,18894.645,0.001412,0.263195,0,Normal,1,Anomaly,False Negative (FN)
2015-01-25 19:00:00,17843.0,18586.8,0.001088,0.202893,0,Normal,1,Anomaly,False Negative (FN)
2015-01-25 19:30:00,16231.001,18208.697,0.001072,0.199801,0,Normal,1,Anomaly,False Negative (FN)
2015-01-25 20:00:00,14905.001,16309.096,0.002496,0.465359,0,Normal,1,Anomaly,False Negative (FN)
2015-01-25 20:30:00,14598.001,14304.599,0.004507,0.84031,0,Normal,1,Anomaly,False Negative (FN)
2015-01-25 21:00:00,13551.001,13764.619,0.003151,0.587508,0,Normal,1,Anomaly,False Negative (FN)
2015-01-25 21:30:00,13933.001,14074.931,0.00222,0.413948,0,Normal,1,Anomaly,False Negative (FN)
2015-01-25 22:00:00,12374.001,14301.406,0.001946,0.362924,0,Normal,1,Anomaly,False Negative (FN)
2015-01-25 22:30:00,10625.0,13355.379,0.002409,0.449124,0,Normal,1,Anomaly,False Negative (FN)
2015-01-25 23:00:00,9964.0,12248.578,0.002682,0.500148,0,Normal,1,Anomaly,False Negative (FN)
2015-01-25 23:30:00,8190.0,9946.532,0.002796,0.521408,0,Normal,1,Anomaly,False Negative (FN)
2015-01-26 00:00:00,6662.9995,7441.5605,0.002626,0.489711,0,Normal,1,Anomaly,False Negative (FN)
2015-01-26 00:30:00,5151.0,6237.9263,0.002398,0.447191,0,Normal,1,Anomaly,False Negative (FN)
2015-01-26 01:00:00,4092.0,5228.706,0.002485,0.463426,0,Normal,1,Anomaly,False Negative (FN)
2015-01-26 01:30:00,3207.0,4173.1123,0.0024,0.447578,0,Normal,1,Anomaly,False Negative (FN)
2015-01-26 02:00:00,2626.0,3303.7944,0.00205,0.382251,0,Normal,1,Anomaly,False Negative (FN)
2015-01-26 02:30:00,1994.0,2753.5105,0.001772,0.330454,0,Normal,1,Anomaly,False Negative (FN)
2015-01-26 03:00:00,1987.0,2573.5405,0.001812,0.337798,0,Normal,1,Anomaly,False Negative (FN)
2015-01-26 03:30:00,1912.0,2673.2688,0.001814,0.338185,0,Normal,1,Anomaly,False Negative (FN)
2015-01-26 04:00:00,2156.0,3093.7598,0.001969,0.367176,0,Normal,1,Anomaly,False Negative (FN)
2015-01-26 04:30:00,2175.0,3770.9805,0.002164,0.403511,0,Normal,1,Anomaly,False Negative (FN)
2015-01-26 05:00:00,2757.0,4686.372,0.002378,0.443326,0,Normal,1,Anomaly,False Negative (FN)
2015-01-26 05:30:00,4689.0,5722.8936,0.001982,0.369495,0,Normal,1,Anomaly,False Negative (FN)
2015-01-26 06:00:00,6715.0,6906.608,0.001233,0.229952,0,Normal,1,Anomaly,False Negative (FN)
2015-01-26 06:30:00,11577.001,8675.328,0.001206,0.224926,0,Normal,1,Anomaly,False Negative (FN)
2015-01-26 07:00:00,13954.001,10870.128,0.001577,0.294118,0,Normal,1,Anomaly,False Negative (FN)
2015-01-26 07:30:00,17717.0,13196.252,0.00255,0.475409,0,Normal,1,Anomaly,False Negative (FN)
2015-01-26 08:00:00,18686.0,14904.203,0.002786,0.519476,0,Normal,1,Anomaly,False Negative (FN)
2015-01-26 08:30:00,18923.0,15542.536,0.002778,0.517929,0,Normal,1,Anomaly,False Negative (FN)
2015-01-26 09:00:00,17326.0,15442.99,0.002203,0.410856,0,Normal,1,Anomaly,False Negative (FN)
2015-01-26 09:30:00,15926.001,14948.612,0.001716,0.320017,0,Normal,1,Anomaly,False Negative (FN)
2015-01-26 10:00:00,13785.0,14522.32,0.001273,0.237296,0,Normal,1,Anomaly,False Negative (FN)
2015-01-26 10:30:00,13905.0,14539.309,0.001059,0.197482,0,Normal,1,Anomaly,False Negative (FN)
2015-01-26 11:00:00,13575.0,14859.85,0.001287,0.240002,0,Normal,1,Anomaly,False Negative (FN)
2015-01-26 11:30:00,14094.001,15209.833,0.001567,0.292186,0,Normal,1,Anomaly,False Negative (FN)
2015-01-26 12:00:00,14488.001,15443.333,0.001843,0.343596,0,Normal,1,Anomaly,False Negative (FN)
2015-01-26 12:30:00,14428.001,15595.836,0.002062,0.38457,0,Normal,1,Anomaly,False Negative (FN)
2015-01-26 13:00:00,14402.0,15717.274,0.002195,0.40931,0,Normal,1,Anomaly,False Negative (FN)
2015-01-26 13:30:00,14747.001,15803.742,0.002135,0.3981,0,Normal,1,Anomaly,False Negative (FN)
2015-01-26 14:00:00,13915.0,15778.735,0.002164,0.403511,0,Normal,1,Anomaly,False Negative (FN)
2015-01-26 14:30:00,11432.001,15559.756,0.002912,0.543055,0,Normal,1,Anomaly,False Negative (FN)
2015-01-26 15:00:00,9659.0,15135.504,0.004314,0.804361,0,Normal,1,Anomaly,False Negative (FN)
2015-01-26 15:30:00,7681.0,14559.217,0.005843,1.08947,1,Anomaly,1,Anomaly,True Positive (TP)
2015-01-26 16:00:00,6257.0,13831.6,0.006802,1.268227,1,Anomaly,1,Anomaly,True Positive (TP)
2015-01-26 16:30:00,5520.0005,12498.156,0.007256,1.352887,1,Anomaly,1,Anomaly,True Positive (TP)
2015-01-26 17:00:00,5159.0,8818.515,0.006033,1.124893,1,Anomaly,1,Anomaly,True Positive (TP)
2015-01-26 17:30:00,5283.0,5018.276,0.004759,0.887469,0,Normal,1,Anomaly,False Negative (FN)
2015-01-26 18:00:00,5821.0,4028.731,0.004486,0.836444,0,Normal,1,Anomaly,False Negative (FN)
2015-01-26 18:30:00,5586.0,3817.2817,0.004658,0.868528,0,Normal,1,Anomaly,False Negative (FN)
2015-01-26 19:00:00,4729.0,3845.3613,0.004998,0.931922,0,Normal,1,Anomaly,False Negative (FN)
2015-01-26 19:30:00,4402.0,3967.2595,0.004697,0.875872,0,Normal,1,Anomaly,False Negative (FN)
2015-01-26 20:00:00,3877.0,4200.8076,0.003891,0.725505,0,Normal,1,Anomaly,False Negative (FN)
2015-01-26 20:30:00,3384.0,4470.707,0.002724,0.507879,0,Normal,1,Anomaly,False Negative (FN)
2015-01-26 21:00:00,3203.0002,4826.468,0.002241,0.417814,0,Normal,1,Anomaly,False Negative (FN)
2015-01-26 21:30:00,2611.0,5186.7866,0.002259,0.421292,0,Normal,1,Anomaly,False Negative (FN)
2015-01-26 22:00:00,1783.0,5615.575,0.003055,0.569727,0,Normal,1,Anomaly,False Negative (FN)
2015-01-26 22:30:00,866.0,5813.248,0.004177,0.778849,0,Normal,1,Anomaly,False Negative (FN)
2015-01-26 23:00:00,297.00003,5776.1646,0.005419,1.010417,1,Anomaly,1,Anomaly,True Positive (TP)
2015-01-26 23:30:00,188.99995,5469.9707,0.005666,1.056508,1,Anomaly,1,Anomaly,True Positive (TP)
2015-01-27 00:00:00,109.00007,5043.081,0.00577,1.07593,1,Anomaly,1,Anomaly,True Positive (TP)
2015-01-27 00:30:00,80.00006,4649.3525,0.005815,1.084273,1,Anomaly,1,Anomaly,True Positive (TP)
2015-01-27 01:00:00,39.999977,4340.2246,0.005853,1.091385,1,Anomaly,1,Anomaly,True Positive (TP)
2015-01-27 01:30:00,38.999958,4118.095,0.005767,1.075246,1,Anomaly,1,Anomaly,True Positive (TP)
2015-01-27 02:00:00,25.99998,3980.298,0.005674,1.058013,1,Anomaly,1,Anomaly,True Positive (TP)
2015-01-27 02:30:00,31.999958,3898.919,0.005843,1.08947,1,Anomaly,1,Anomaly,True Positive (TP)
2015-01-27 03:00:00,8.00005,3844.2393,0.006134,1.143767,1,Anomaly,1,Anomaly,True Positive (TP)
2015-01-27 03:30:00,10.999968,3806.9226,0.006438,1.200389,1,Anomaly,1,Anomaly,True Positive (TP)
2015-01-27 04:00:00,9.00007,3782.0815,0.006674,1.244429,1,Anomaly,1,Anomaly,True Positive (TP)
2015-01-27 04:30:00,20.000004,3766.696,0.006873,1.281493,1,Anomaly,1,Anomaly,True Positive (TP)
2015-01-27 05:00:00,21.000023,3757.9463,0.007101,1.324165,1,Anomaly,1,Anomaly,True Positive (TP)
2015-01-27 05:30:00,37.000057,3752.8987,0.00747,1.392823,1,Anomaly,1,Anomaly,True Positive (TP)
2015-01-27 06:00:00,68.999985,3749.225,0.00804,1.499093,1,Anomaly,1,Anomaly,True Positive (TP)
2015-01-27 06:30:00,107.00002,3747.6755,0.008686,1.619586,1,Anomaly,1,Anomaly,True Positive (TP)
2015-01-27 07:00:00,216.00006,3749.8176,0.009301,1.734335,1,Anomaly,1,Anomaly,True Positive (TP)
2015-01-27 07:30:00,332.0,3754.976,0.009956,1.856333,1,Anomaly,1,Anomaly,True Positive (TP)
2015-01-27 08:00:00,570.0,3765.0735,0.010586,1.973955,1,Anomaly,1,Anomaly,True Positive (TP)
2015-01-27 08:30:00,1049.0,3784.2646,0.011169,2.082686,1,Anomaly,1,Anomaly,True Positive (TP)
2015-01-27 09:00:00,1589.0,3815.567,0.011759,2.192648,1,Anomaly,1,Anomaly,True Positive (TP)
2015-01-27 09:30:00,2285.0,3863.8474,0.012234,2.281275,1,Anomaly,1,Anomaly,True Positive (TP)
2015-01-27 10:00:00,2945.0002,3932.3984,0.0125,2.330785,1,Anomaly,1,Anomaly,True Positive (TP)
2015-01-27 10:30:00,3544.0,4023.2827,0.012482,2.327503,1,Anomaly,1,Anomaly,True Positive (TP)
2015-01-27 11:00:00,3875.9998,4133.2227,0.012256,2.285378,1,Anomaly,1,Anomaly,True Positive (TP)
2015-01-27 11:30:00,4535.0,4264.2764,0.011975,2.232858,1,Anomaly,1,Anomaly,True Positive (TP)
2015-01-27 12:00:00,4923.0,4414.5645,0.011643,2.170902,1,Anomaly,1,Anomaly,True Positive (TP)
2015-01-27 12:30:00,5157.0,4578.539,0.011271,2.101697,1,Anomaly,1,Anomaly,True Positive (TP)
2015-01-27 13:00:00,5273.0,4748.7065,0.010857,2.024422,1,Anomaly,1,Anomaly,True Positive (TP)
2015-01-27 13:30:00,5584.0,4923.6875,0.010429,1.944549,1,Anomaly,1,Anomaly,True Positive (TP)
2015-01-27 14:00:00,5773.0005,5101.1934,0.009989,1.862625,1,Anomaly,1,Anomaly,True Positive (TP)
2015-01-27 14:30:00,6569.0,5298.014,0.009585,1.787265,1,Anomaly,1,Anomaly,True Positive (TP)
2015-01-27 15:00:00,7006.9995,5521.875,0.009188,1.713136,1,Anomaly,1,Anomaly,True Positive (TP)
2015-01-27 15:30:00,7400.0,5777.37,0.008794,1.639828,1,Anomaly,1,Anomaly,True Positive (TP)
2015-01-27 16:00:00,7962.0,6074.8184,0.008413,1.568708,1,Anomaly,1,Anomaly,True Positive (TP)
2015-01-27 16:30:00,8760.0,6431.7104,0.008059,1.502786,1,Anomaly,1,Anomaly,True Positive (TP)
2015-01-27 17:00:00,9776.001,6870.427,0.007746,1.444385,1,Anomaly,1,Anomaly,True Positive (TP)
2015-01-27 17:30:00,10863.0,7407.806,0.007472,1.393234,1,Anomaly,1,Anomaly,True Positive (TP)
2015-01-27 18:00:00,12687.001,8081.728,0.007361,1.372582,1,Anomaly,1,Anomaly,True Positive (TP)
2015-01-27 18:30:00,12541.0,8815.024,0.007022,1.309258,1,Anomaly,1,Anomaly,True Positive (TP)
2015-01-27 19:00:00,11967.0,9510.92,0.006506,1.213109,1,Anomaly,1,Anomaly,True Positive (TP)
2015-01-27 19:30:00,10813.0,10092.804,0.005888,1.097813,1,Anomaly,1,Anomaly,True Positive (TP)
2015-01-27 20:00:00,10419.0,10561.413,0.005058,0.943132,0,Normal,1,Anomaly,False Negative (FN)
2015-01-27 20:30:00,10132.0,10927.107,0.003769,0.702699,0,Normal,1,Anomaly,False Negative (FN)
2015-01-27 21:00:00,10566.0,11226.2295,0.002749,0.512518,0,Normal,1,Anomaly,False Negative (FN)
2015-01-27 21:30:00,11073.001,11478.603,0.002019,0.376453,0,Normal,1,Anomaly,False Negative (FN)
2015-01-27 22:00:00,10559.0,11657.997,0.001559,0.290639,0,Normal,1,Anomaly,False Negative (FN)
2015-01-27 22:30:00,9121.0,11705.757,0.001546,0.28832,0,Normal,1,Anomaly,False Negative (FN)
2015-01-27 23:00:00,8700.0,11623.824,0.001669,0.311126,0,Normal,1,Anomaly,False Negative (FN)
2015-01-27 23:30:00,6884.0,11343.181,0.00249,0.464199,0,Normal,1,Anomaly,False Negative (FN)
2015-01-28 00:00:00,5502.0,10847.136,0.003717,0.693035,0,Normal,1,Anomaly,False Negative (FN)
2015-01-28 00:30:00,4001.0,10128.015,0.00529,0.986425,0,Normal,1,Anomaly,False Negative (FN)
2015-01-28 01:00:00,3039.0,9222.423,0.005891,1.098497,1,Anomaly,1,Anomaly,True Positive (TP)
2015-01-28 01:30:00,2431.0,8200.71,0.006215,1.158812,1,Anomaly,1,Anomaly,True Positive (TP)
2015-01-28 02:00:00,2005.0,7096.5894,0.006347,1.18343,1,Anomaly,1,Anomaly,True Positive (TP)
2015-01-28 02:30:00,1661.0,6063.111,0.006295,1.173856,1,Anomaly,1,Anomaly,True Positive (TP)
2015-01-28 03:00:00,1300.0001,5205.337,0.006086,1.134877,1,Anomaly,1,Anomaly,True Positive (TP)
2015-01-28 03:30:00,1278.9999,4613.76,0.005703,1.063484,1,Anomaly,1,Anomaly,True Positive (TP)
2015-01-28 04:00:00,1407.0,4311.665,0.004952,0.923418,0,Normal,1,Anomaly,False Negative (FN)
2015-01-28 04:30:00,1353.0,4246.0625,0.004096,0.763774,0,Normal,1,Anomaly,False Negative (FN)
2015-01-28 05:00:00,1886.9999,4358.923,0.003464,0.645877,0,Normal,1,Anomaly,False Negative (FN)
2015-01-28 05:30:00,3714.0,4647.152,0.002919,0.544215,0,Normal,1,Anomaly,False Negative (FN)
2015-01-28 06:00:00,6019.0,5071.621,0.002639,0.492031,0,Normal,1,Anomaly,False Negative (FN)
2015-01-28 06:30:00,11208.001,5942.054,0.004301,0.802042,0,Normal,1,Anomaly,False Negative (FN)
2015-01-28 07:00:00,14063.001,7440.964,0.005893,1.09877,1,Anomaly,1,Anomaly,True Positive (TP)
2015-01-28 07:30:00,17572.0,9824.249,0.006632,1.236633,1,Anomaly,1,Anomaly,True Positive (TP)
2015-01-28 08:00:00,18746.0,12334.793,0.006457,1.203945,1,Anomaly,1,Anomaly,True Positive (TP)
2015-01-28 08:30:00,18397.0,13973.483,0.005754,1.072921,1,Anomaly,1,Anomaly,True Positive (TP)
2015-01-28 09:00:00,17430.0,14598.542,0.004488,0.836831,0,Normal,1,Anomaly,False Negative (FN)
2015-01-28 09:30:00,15997.001,14666.284,0.003002,0.559676,0,Normal,1,Anomaly,False Negative (FN)
2015-01-28 10:00:00,13900.001,14420.1,0.002071,0.386117,0,Normal,1,Anomaly,False Negative (FN)
2015-01-28 10:30:00,14138.001,14409.834,0.001619,0.301849,0,Normal,1,Anomaly,False Negative (FN)
2015-01-28 11:00:00,13361.001,14658.182,0.001766,0.329294,0,Normal,1,Anomaly,False Negative (FN)
2015-01-28 11:30:00,14156.0,14985.824,0.00188,0.350554,0,Normal,1,Anomaly,False Negative (FN)
2015-01-28 12:00:00,14075.0,15225.5,0.002052,0.382638,0,Normal,1,Anomaly,False Negative (FN)
2015-01-28 12:30:00,13887.001,15389.619,0.002208,0.411629,0,Normal,1,Anomaly,False Negative (FN)
2015-01-28 13:00:00,13593.001,15518.357,0.002409,0.449124,0,Normal,1,Anomaly,False Negative (FN)
2015-01-28 13:30:00,14093.0,15614.452,0.002456,0.458014,0,Normal,1,Anomaly,False Negative (FN)
2015-01-28 14:00:00,14699.0,15630.944,0.002363,0.44062,0,Normal,1,Anomaly,False Negative (FN)
2015-01-28 14:30:00,15372.0,15530.104,0.002232,0.416267,0,Normal,1,Anomaly,False Negative (FN)
2015-01-28 15:00:00,16220.0,15327.034,0.002212,0.412402,0,Normal,1,Anomaly,False Negative (FN)
2015-01-28 15:30:00,15107.0,15061.455,0.00234,0.436368,0,Normal,1,Anomaly,False Negative (FN)
2015-01-28 16:00:00,14057.001,14794.3,0.002898,0.540349,0,Normal,1,Anomaly,False Negative (FN)
2015-01-28 16:30:00,13802.001,14449.134,0.003771,0.703086,0,Normal,1,Anomaly,False Negative (FN)
2015-01-28 17:00:00,15961.0,13815.175,0.004478,0.834898,0,Normal,1,Anomaly,False Negative (FN)
2015-01-28 17:30:00,18422.0,14978.903,0.005004,0.933081,0,Normal,1,Anomaly,False Negative (FN)
2015-01-28 18:00:00,21270.0,18500.354,0.003586,0.668683,0,Normal,1,Anomaly,False Negative (FN)
2015-01-28 18:30:00,22262.0,20418.623,0.00255,0.475409,0,Normal,1,Anomaly,False Negative (FN)
2015-01-28 19:00:00,22785.998,21456.018,0.002176,0.405831,0,Normal,1,Anomaly,False Negative (FN)
2015-01-28 19:30:00,22169.0,21788.225,0.002384,0.444485,0,Normal,1,Anomaly,False Negative (FN)
2015-01-28 20:00:00,21155.0,21770.48,0.002564,0.478115,0,Normal,1,Anomaly,False Negative (FN)
2015-01-28 20:30:00,20119.998,21598.33,0.0028,0.522181,0,Normal,1,Anomaly,False Negative (FN)
2015-01-28 21:00:00,20428.0,21387.855,0.002856,0.532618,0,Normal,1,Anomaly,False Negative (FN)
2015-01-28 21:30:00,20309.0,21130.75,0.002931,0.546534,0,Normal,1,Anomaly,False Negative (FN)
2015-01-28 22:00:00,20059.0,20690.695,0.003283,0.612247,0,Normal,1,Anomaly,False Negative (FN)
2015-01-28 22:30:00,19054.998,20101.49,0.003366,0.627709,0,Normal,1,Anomaly,False Negative (FN)
2015-01-28 23:00:00,15481.001,19188.494,0.00409,0.762614,0,Normal,1,Anomaly,False Negative (FN)
2015-01-28 23:30:00,12535.0,15483.558,0.003466,0.646263,0,Normal,1,Anomaly,False Negative (FN)
2015-01-29 00:00:00,10134.0,11968.096,0.002713,0.505946,0,Normal,1,Anomaly,False Negative (FN)
2015-01-29 00:30:00,7568.0,8699.769,0.002116,0.394621,0,Normal,1,Anomaly,False Negative (FN)
2015-01-29 01:00:00,5619.0,6406.7085,0.001781,0.332,0,Normal,1,Anomaly,False Negative (FN)
2015-01-29 01:30:00,4342.0,4839.5366,0.001675,0.312286,0,Normal,1,Anomaly,False Negative (FN)
2015-01-29 02:00:00,3604.0002,3698.482,0.001704,0.317698,0,Normal,1,Anomaly,False Negative (FN)
2015-01-29 02:30:00,2822.0,2828.2078,0.001839,0.342823,0,Normal,1,Anomaly,False Negative (FN)
2015-01-29 03:00:00,2379.0,2170.996,0.001986,0.370268,0,Normal,1,Anomaly,False Negative (FN)
2015-01-29 03:30:00,2121.0,1734.4193,0.002299,0.428637,0,Normal,1,Anomaly,False Negative (FN)
2015-01-29 04:00:00,2130.0,1598.0085,0.002172,0.405057,0,Normal,1,Anomaly,False Negative (FN)
2015-01-29 04:30:00,1968.0,1987.408,0.001358,0.253144,0,Normal,1,Anomaly,False Negative (FN)
2015-01-29 05:00:00,2339.0,3072.1765,0.000895,0.166944,0,Normal,1,Anomaly,False Negative (FN)
2015-01-29 05:30:00,4306.0,4848.2236,0.000808,0.150709,0,Normal,1,Anomaly,False Negative (FN)
2015-01-29 06:00:00,6574.9995,7074.591,0.000748,0.139499,0,Normal,1,Anomaly,False Negative (FN)
2015-01-29 06:30:00,11896.001,10190.314,0.000775,0.144525,0,Normal,1,Anomaly,False Negative (FN)
2015-01-29 07:00:00,15030.0,13562.424,0.000682,0.12713,0,Normal,1,Anomaly,False Negative (FN)
2015-01-29 07:30:00,18687.0,16481.352,0.000796,0.14839,0,Normal,1,Anomaly,False Negative (FN)
2015-01-29 08:00:00,19710.002,18434.262,0.000665,0.124038,0,Normal,1,Anomaly,False Negative (FN)
2015-01-29 08:30:00,19585.0,19449.623,0.000321,0.059871,0,Normal,1,Anomaly,False Negative (FN)
2015-01-29 09:00:00,18438.0,19446.725,0.000201,0.037451,0,Normal,1,Anomaly,False Negative (FN)
2015-01-29 09:30:00,17398.0,18638.514,0.000315,0.058711,0,Normal,1,Anomaly,False Negative (FN)
2015-01-29 10:00:00,16241.001,17172.51,0.000371,0.069148,0,Normal,1,Anomaly,False Negative (FN)
2015-01-29 10:30:00,15905.0,15711.996,0.00012,0.022376,0,Normal,1,Anomaly,False Negative (FN)
2015-01-29 11:00:00,14690.0,15692.452,0.00029,0.054072,0,Normal,1,Anomaly,False Negative (FN)
2015-01-29 11:30:00,16203.0,16207.262,0.000514,0.09582,0,Normal,1,Anomaly,False Negative (FN)
2015-01-29 12:00:00,16711.0,16647.586,0.000713,0.132928,0,Normal,1,Anomaly,False Negative (FN)
2015-01-29 12:30:00,16013.001,16931.043,0.000924,0.172356,0,Normal,1,Anomaly,False Negative (FN)
2015-01-29 13:00:00,15725.001,17104.008,0.001132,0.211011,0,Normal,1,Anomaly,False Negative (FN)
2015-01-29 13:30:00,16432.0,17217.826,0.001154,0.215263,0,Normal,1,Anomaly,False Negative (FN)
2015-01-29 14:00:00,17190.002,17263.059,0.001096,0.204439,0,Normal,1,Anomaly,False Negative (FN)
2015-01-29 14:30:00,17571.0,17200.646,0.001038,0.193616,0,Normal,1,Anomaly,False Negative (FN)
2015-01-29 15:00:00,18184.0,17020.992,0.001115,0.207918,0,Normal,1,Anomaly,False Negative (FN)
2015-01-29 15:30:00,16484.0,16756.594,0.000828,0.154343,0,Normal,0,Normal,True Negative (TN)
2015-01-29 16:00:00,14774.001,16507.314,0.001231,0.229546,0,Normal,0,Normal,True Negative (TN)
2015-01-29 16:30:00,13800.001,16236.454,0.00199,0.371106,0,Normal,0,Normal,True Negative (TN)
2015-01-29 17:00:00,15971.0,15255.682,0.002181,0.406742,0,Normal,0,Normal,True Negative (TN)
2015-01-29 17:30:00,19384.0,16006.305,0.003422,0.638006,0,Normal,0,Normal,True Negative (TN)
2015-01-29 18:00:00,21649.0,19083.398,0.002661,0.4962,0,Normal,0,Normal,True Negative (TN)
2015-01-29 18:30:00,23102.0,21617.064,0.001824,0.34014,0,Normal,0,Normal,True Negative (TN)
2015-01-29 19:00:00,23464.0,22858.975,0.001372,0.255843,0,Normal,0,Normal,True Negative (TN)
2015-01-29 19:30:00,23343.0,23277.248,0.001157,0.215784,0,Normal,0,Normal,True Negative (TN)
2015-01-29 20:00:00,23197.0,23356.117,0.000945,0.176216,0,Normal,0,Normal,True Negative (TN)
2015-01-29 20:30:00,23120.0,23217.953,0.000729,0.13591,0,Normal,0,Normal,True Negative (TN)
2015-01-29 21:00:00,23207.998,23001.984,0.000617,0.115021,0,Normal,0,Normal,True Negative (TN)
2015-01-29 21:30:00,23187.998,22713.984,0.000538,0.100275,0,Normal,0,Normal,True Negative (TN)
2015-01-29 22:00:00,22638.0,22321.896,0.000502,0.093639,0,Normal,0,Normal,True Negative (TN)
2015-01-29 22:30:00,21500.998,22138.43,0.000444,0.082825,0,Normal,0,Normal,True Negative (TN)
2015-01-29 23:00:00,20719.0,21574.797,0.000451,0.084054,0,Normal,0,Normal,True Negative (TN)
2015-01-29 23:30:00,17877.0,18935.76,0.000436,0.081351,0,Normal,0,Normal,True Negative (TN)
2015-01-30 00:00:00,14367.0,15910.727,0.000457,0.085283,0,Normal,0,Normal,True Negative (TN)
2015-01-30 00:30:00,11118.0,12196.332,0.000565,0.105436,0,Normal,0,Normal,True Negative (TN)
2015-01-30 01:00:00,8733.0,9155.94,0.000776,0.144758,0,Normal,0,Normal,True Negative (TN)
2015-01-30 01:30:00,6954.0,6955.7466,0.000942,0.175724,0,Normal,0,Normal,True Negative (TN)
2015-01-30 02:00:00,5898.0,5366.76,0.00101,0.188258,0,Normal,0,Normal,True Negative (TN)
2015-01-30 02:30:00,4541.0,4189.947,0.001087,0.202758,0,Normal,0,Normal,True Negative (TN)
2015-01-30 03:00:00,3834.0,3285.9648,0.001177,0.21947,0,Normal,0,Normal,True Negative (TN)
2015-01-30 03:30:00,3143.0,2603.8816,0.001524,0.284106,0,Normal,0,Normal,True Negative (TN)
2015-01-30 04:00:00,3295.0,2222.5493,0.001611,0.300326,0,Normal,0,Normal,True Negative (TN)
2015-01-30 04:30:00,2652.0,2309.3909,0.000875,0.16319,0,Normal,0,Normal,True Negative (TN)
2015-01-30 05:00:00,2541.0,2968.429,0.000341,0.063656,0,Normal,0,Normal,True Negative (TN)
2015-01-30 05:30:00,4585.0,4356.8164,0.000294,0.054808,0,Normal,0,Normal,True Negative (TN)
2015-01-30 06:00:00,6626.0,6485.203,0.000322,0.059969,0,Normal,0,Normal,True Negative (TN)
2015-01-30 06:30:00,11854.001,9634.183,0.000485,0.090444,0,Normal,0,Normal,True Negative (TN)
2015-01-30 07:00:00,15913.0,13280.071,0.000666,0.124114,0,Normal,0,Normal,True Negative (TN)
2015-01-30 07:30:00,19574.0,16404.354,0.000928,0.173021,0,Normal,0,Normal,True Negative (TN)
2015-01-30 08:00:00,20898.0,18479.658,0.001002,0.186784,0,Normal,0,Normal,True Negative (TN)
2015-01-30 08:30:00,20858.998,19639.01,0.000878,0.163682,0,Normal,0,Normal,True Negative (TN)
2015-01-30 09:00:00,19707.0,20008.873,0.000709,0.132224,0,Normal,0,Normal,True Negative (TN)
2015-01-30 09:30:00,18495.0,19649.23,0.000647,0.120673,0,Normal,0,Normal,True Negative (TN)
2015-01-30 10:00:00,17096.0,19340.496,0.000854,0.159258,0,Normal,0,Normal,True Negative (TN)
2015-01-30 10:30:00,16561.0,18355.988,0.00095,0.177199,0,Normal,0,Normal,True Negative (TN)
2015-01-30 11:00:00,16496.0,17128.516,0.000584,0.108876,0,Normal,0,Normal,True Negative (TN)
2015-01-30 11:30:00,17310.0,17317.672,0.000573,0.10691,0,Normal,0,Normal,True Negative (TN)
2015-01-30 12:00:00,17354.0,17827.53,0.000681,0.127063,0,Normal,0,Normal,True Negative (TN)
2015-01-30 12:30:00,16305.0,18124.63,0.000924,0.172283,0,Normal,0,Normal,True Negative (TN)
2015-01-30 13:00:00,16685.0,18256.885,0.001126,0.209885,0,Normal,0,Normal,True Negative (TN)
2015-01-30 13:30:00,18077.002,18314.344,0.001135,0.211606,0,Normal,0,Normal,True Negative (TN)
2015-01-30 14:00:00,18375.0,18298.342,0.001043,0.194402,0,Normal,0,Normal,True Negative (TN)
2015-01-30 14:30:00,18633.0,18190.426,0.000936,0.174495,0,Normal,0,Normal,True Negative (TN)
2015-01-30 15:00:00,18401.0,17945.396,0.000873,0.162699,0,Normal,0,Normal,True Negative (TN)
2015-01-30 15:30:00,17079.0,17611.92,0.000855,0.159504,0,Normal,0,Normal,True Negative (TN)
2015-01-30 16:00:00,15582.001,17316.541,0.001134,0.21136,0,Normal,0,Normal,True Negative (TN)
2015-01-30 16:30:00,14719.0,17043.709,0.001886,0.351691,0,Normal,0,Normal,True Negative (TN)
2015-01-30 17:00:00,17569.0,15788.808,0.002519,0.469658,0,Normal,0,Normal,True Negative (TN)
2015-01-30 17:30:00,21013.0,16966.15,0.005267,0.982075,0,Normal,0,Normal,True Negative (TN)
2015-01-30 18:00:00,23696.0,20894.662,0.003665,0.683472,0,Normal,0,Normal,True Negative (TN)
2015-01-30 18:30:00,25758.0,23446.576,0.002647,0.493497,0,Normal,0,Normal,True Negative (TN)
2015-01-30 19:00:00,27289.0,24505.154,0.002177,0.406005,0,Normal,0,Normal,True Negative (TN)
2015-01-30 19:30:00,28106.998,24941.617,0.002102,0.391996,0,Normal,0,Normal,True Negative (TN)
2015-01-30 20:00:00,27307.998,25093.414,0.001964,0.366191,0,Normal,0,Normal,True Negative (TN)
2015-01-30 20:30:00,26569.998,25031.666,0.001943,0.362259,0,Normal,0,Normal,True Negative (TN)
2015-01-30 21:00:00,25934.998,24843.246,0.002213,0.41264,0,Normal,0,Normal,True Negative (TN)
2015-01-30 21:30:00,26432.0,24494.463,0.00279,0.520285,0,Normal,0,Normal,True Negative (TN)
2015-01-30 22:00:00,26738.998,24315.143,0.003145,0.586395,0,Normal,0,Normal,True Negative (TN)
2015-01-30 22:30:00,26874.0,24939.906,0.002885,0.53798,0,Normal,0,Normal,True Negative (TN)
2015-01-30 23:00:00,26928.0,24863.777,0.002371,0.442132,0,Normal,0,Normal,True Negative (TN)
2015-01-30 23:30:00,26000.0,24229.604,0.00179,0.33375,0,Normal,0,Normal,True Negative (TN)
2015-01-31 00:00:00,25777.998,23360.031,0.00138,0.257318,0,Normal,0,Normal,True Negative (TN)
2015-01-31 00:30:00,23303.998,22097.99,0.001086,0.202512,0,Normal,0,Normal,True Negative (TN)
2015-01-31 01:00:00,21317.998,20514.807,0.00109,0.20325,0,Normal,0,Normal,True Negative (TN)
2015-01-31 01:30:00,19024.0,18619.078,0.001223,0.228072,0,Normal,0,Normal,True Negative (TN)
2015-01-31 02:00:00,17022.0,16485.797,0.00141,0.26297,0,Normal,0,Normal,True Negative (TN)
2015-01-31 02:30:00,14733.001,14051.299,0.001868,0.34825,0,Normal,0,Normal,True Negative (TN)
2015-01-31 03:00:00,12593.0,11512.279,0.002662,0.496446,0,Normal,0,Normal,True Negative (TN)
2015-01-31 03:30:00,11048.001,9170.899,0.003457,0.644641,0,Normal,0,Normal,True Negative (TN)
2015-01-31 04:00:00,9364.0,7095.7417,0.00351,0.654472,0,Normal,0,Normal,True Negative (TN)
2015-01-31 04:30:00,5209.0,5362.018,0.002092,0.39003,0,Normal,0,Normal,True Negative (TN)
2015-01-31 05:00:00,3683.0,4417.9443,0.001323,0.24675,0,Normal,0,Normal,True Negative (TN)
2015-01-31 05:30:00,3329.0,4120.3486,0.001358,0.25314,0,Normal,0,Normal,True Negative (TN)
2015-01-31 06:00:00,3714.0,4157.8105,0.001612,0.300572,0,Normal,0,Normal,True Negative (TN)
2015-01-31 06:30:00,4531.0,4482.405,0.001707,0.318267,0,Normal,0,Normal,True Negative (TN)
2015-01-31 07:00:00,4803.0005,5100.23,0.00151,0.281648,0,Normal,0,Normal,True Negative (TN)
2015-01-31 07:30:00,7049.0,6350.1733,0.001033,0.192682,0,Normal,0,Normal,True Negative (TN)
2015-01-31 08:00:00,8363.0,8476.069,0.000787,0.146724,0,Normal,0,Normal,True Negative (TN)
2015-01-31 08:30:00,11899.0,11452.198,0.000685,0.1278,0,Normal,0,Normal,True Negative (TN)
2015-01-31 09:00:00,13522.001,14558.95,0.000803,0.149673,0,Normal,0,Normal,True Negative (TN)
2015-01-31 09:30:00,18164.002,17278.662,0.000859,0.160241,0,Normal,0,Normal,True Negative (TN)
2015-01-31 10:00:00,17645.0,18903.715,0.000952,0.177445,0,Normal,0,Normal,True Negative (TN)
2015-01-31 10:30:00,20056.0,19646.049,0.00095,0.177199,0,Normal,0,Normal,True Negative (TN)
2015-01-31 11:00:00,20270.0,19806.754,0.000866,0.16147,0,Normal,0,Normal,True Negative (TN)
2015-01-31 11:30:00,22864.998,19446.326,0.001364,0.254369,0,Normal,0,Normal,True Negative (TN)
2015-01-31 12:00:00,22950.998,19076.047,0.002094,0.390522,0,Normal,0,Normal,True Negative (TN)
2015-01-31 12:30:00,23386.998,19988.29,0.002159,0.402564,0,Normal,0,Normal,True Negative (TN)
2015-01-31 13:00:00,23069.0,19759.05,0.002052,0.382657,0,Normal,0,Normal,True Negative (TN)
2015-01-31 13:30:00,23298.0,19469.762,0.002639,0.492022,0,Normal,0,Normal,True Negative (TN)
2015-01-31 14:00:00,21817.0,19904.336,0.002714,0.506031,0,Normal,0,Normal,True Negative (TN)
2015-01-31 14:30:00,21565.0,20575.855,0.002388,0.445327,0,Normal,0,Normal,True Negative (TN)
2015-01-31 15:00:00,21728.998,21034.062,0.002139,0.398878,0,Normal,0,Normal,True Negative (TN)
2015-01-31 15:30:00,22838.0,21254.59,0.002309,0.430581,0,Normal,0,Normal,True Negative (TN)
2015-01-31 16:00:00,21068.0,21348.562,0.002394,0.44631,0,Normal,0,Normal,True Negative (TN)
2015-01-31 16:30:00,19920.0,21494.059,0.002243,0.418293,0,Normal,0,Normal,True Negative (TN)
2015-01-31 17:00:00,20715.0,21592.246,0.002034,0.379217,0,Normal,0,Normal,True Negative (TN)
2015-01-31 17:30:00,23595.0,21548.588,0.002197,0.409691,0,Normal,0,Normal,True Negative (TN)
2015-01-31 18:00:00,26044.0,21370.518,0.003055,0.569684,0,Normal,0,Normal,True Negative (TN)
2015-01-31 18:30:00,27285.998,21439.643,0.00383,0.714193,0,Normal,0,Normal,True Negative (TN)
2015-01-31 19:00:00,28803.998,20643.643,0.009138,1.703984,1,Anomaly,0,Normal,False Positive (FP)
2015-01-31 19:30:00,27773.0,20825.176,0.013504,2.517994,1,Anomaly,0,Normal,False Positive (FP)
2015-01-31 20:00:00,24985.0,23397.643,0.007021,1.309137,1,Anomaly,0,Normal,False Positive (FP)
2015-01-31 20:30:00,23290.998,25256.605,0.005674,1.057959,1,Anomaly,0,Normal,False Positive (FP)
2015-01-31 21:00:00,23719.0,25892.594,0.003822,0.712718,0,Normal,0,Normal,True Negative (TN)
2015-01-31 21:30:00,24670.0,25992.117,0.003498,0.65226,0,Normal,0,Normal,True Negative (TN)
2015-01-31 22:00:00,25721.0,25959.338,0.003038,0.566489,0,Normal,0,Normal,True Negative (TN)
2015-01-31 22:30:00,27309.0,25593.78,0.003209,0.598438,0,Normal,0,Normal,True Negative (TN)
2015-01-31 23:00:00,26590.998,25271.992,0.003203,0.597209,0,Normal,0,Normal,True Negative (TN)
2015-01-31 23:30:00,26287.998,24679.023,0.003198,0.596226,0,Normal,0,Normal,True Negative (TN)
